;country;description;designation;points;price;region_1;taster_name;title;variety;winery
0;Italy;"['[', ""'Aromas"", ""'"", ',', ""'include"", ""'"", ',', ""'tropical"", ""'"", ',', ""'fruit"", ""'"", ',', ""'"", ',', ""'"", ',', ""'broom"", ""'"", ',', ""'"", ',', ""'"", ',', ""'brimstone"", ""'"", ',', ""'dried"", ""'"", ',', ""'herb"", ""'"", ',', ""'"", '.', ""'"", ',', ""'The"", ""'"", ',', ""'palate"", ""'"", ',', '``', ""n't"", ""''"", ',', ""'overly"", ""'"", ',', ""'expressive"", ""'"", ',', ""'"", ',', ""'"", ',', ""'offering"", ""'"", ',', ""'unripened"", ""'"", ',', ""'apple"", ""'"", ',', ""'"", ',', ""'"", ',', ""'citrus"", ""'"", ',', ""'dried"", ""'"", ',', ""'sage"", ""'"", ',', ""'alongside"", ""'"", ',', ""'brisk"", ""'"", ',', ""'acidity"", ""'"", ',', ""'"", '.', ""'"", ']']";Vulkà Bianco;87;;Etna;Kerin O’Keefe;Nicosia 2013 Vulkà Bianco  (Etna);White Blend;Nicosia
1;Portugal;"['[', ""'This"", ""'"", ',', ""'ripe"", ""'"", ',', ""'fruity"", ""'"", ',', ""'"", ',', ""'"", ',', ""'wine"", ""'"", ',', ""'smooth"", ""'"", ',', ""'still"", ""'"", ',', ""'structured"", ""'"", ',', ""'"", '.', ""'"", ',', ""'Firm"", ""'"", ',', ""'tannins"", ""'"", ',', ""'filled"", ""'"", ',', ""'juicy"", ""'"", ',', ""'red"", ""'"", ',', ""'berry"", ""'"", ',', ""'fruits"", ""'"", ',', ""'freshened"", ""'"", ',', ""'acidity"", ""'"", ',', ""'"", '.', ""'"", ',', ""'It"", ""'"", ',', '``', ""'s"", ""''"", ',', ""'already"", ""'"", ',', ""'drinkable"", ""'"", ',', ""'"", ',', ""'"", ',', ""'although"", ""'"", ',', ""'certainly"", ""'"", ',', ""'better"", ""'"", ',', ""'2016"", ""'"", ',', ""'"", '.', ""'"", ']']";Avidagos;87;15.0;;Roger Voss;Quinta dos Avidagos 2011 Avidagos Red (Douro);Portuguese Red;Quinta dos Avidagos
2;US;"['[', ""'Tart"", ""'"", ',', ""'snappy"", ""'"", ',', ""'"", ',', ""'"", ',', ""'flavors"", ""'"", ',', ""'lime"", ""'"", ',', ""'flesh"", ""'"", ',', ""'rind"", ""'"", ',', ""'dominate"", ""'"", ',', ""'"", '.', ""'"", ',', ""'Some"", ""'"", ',', ""'green"", ""'"", ',', ""'pineapple"", ""'"", ',', ""'pokes"", ""'"", ',', ""'"", ',', ""'"", ',', ""'crisp"", ""'"", ',', ""'acidity"", ""'"", ',', ""'underscoring"", ""'"", ',', ""'flavors"", ""'"", ',', ""'"", '.', ""'"", ',', ""'The"", ""'"", ',', ""'wine"", ""'"", ',', ""'stainless-steel"", ""'"", ',', ""'fermented"", ""'"", ',', ""'"", '.', ""'"", ']']";;87;14.0;Willamette Valley;Paul Gregutt;Rainstorm 2013 Pinot Gris (Willamette Valley);Pinot Gris;Rainstorm
3;US;"['[', ""'Pineapple"", ""'"", ',', ""'rind"", ""'"", ',', ""'"", ',', ""'"", ',', ""'lemon"", ""'"", ',', ""'pith"", ""'"", ',', ""'orange"", ""'"", ',', ""'blossom"", ""'"", ',', ""'start"", ""'"", ',', ""'aromas"", ""'"", ',', ""'"", '.', ""'"", ',', ""'The"", ""'"", ',', ""'palate"", ""'"", ',', ""'bit"", ""'"", ',', ""'opulent"", ""'"", ',', ""'"", ',', ""'"", ',', ""'notes"", ""'"", ',', ""'honey-drizzled"", ""'"", ',', ""'guava"", ""'"", ',', ""'mango"", ""'"", ',', ""'giving"", ""'"", ',', ""'way"", ""'"", ',', ""'slightly"", ""'"", ',', ""'astringent"", ""'"", ',', ""'"", ',', ""'"", ',', ""'semidry"", ""'"", ',', ""'finish"", ""'"", ',', ""'"", '.', ""'"", ']']";Reserve Late Harvest;87;13.0;Lake Michigan Shore;Alexander Peartree;St. Julian 2013 Reserve Late Harvest Riesling (Lake Michigan Shore);Riesling;St. Julian
4;US;"['[', ""'Much"", ""'"", ',', ""'like"", ""'"", ',', ""'regular"", ""'"", ',', ""'bottling"", ""'"", ',', ""'2012"", ""'"", ',', ""'"", ',', ""'"", ',', ""'comes"", ""'"", ',', ""'across"", ""'"", ',', ""'rather"", ""'"", ',', ""'rough"", ""'"", ',', ""'tannic"", ""'"", ',', ""'"", ',', ""'"", ',', ""'rustic"", ""'"", ',', ""'"", ',', ""'"", ',', ""'earthy"", ""'"", ',', ""'"", ',', ""'"", ',', ""'herbal"", ""'"", ',', ""'characteristics"", ""'"", ',', ""'"", '.', ""'"", ',', ""'Nonetheless"", ""'"", ',', ""'"", ',', ""'"", ',', ""'think"", ""'"", ',', ""'pleasantly"", ""'"", ',', ""'unfussy"", ""'"", ',', ""'country"", ""'"", ',', ""'wine"", ""'"", ',', ""'"", ',', ""'"", ',', '``', ""'s"", ""''"", ',', ""'good"", ""'"", ',', ""'companion"", ""'"", ',', ""'hearty"", ""'"", ',', ""'winter"", ""'"", ',', ""'stew"", ""'"", ',', ""'"", '.', ""'"", ']']";Vintner's Reserve Wild Child Block;87;65.0;Willamette Valley;Paul Gregutt;Sweet Cheeks 2012 Vintner's Reserve Wild Child Block Pinot Noir (Willamette Valley);Pinot Noir;Sweet Cheeks
5;Spain;"['[', ""'Blackberry"", ""'"", ',', ""'raspberry"", ""'"", ',', ""'aromas"", ""'"", ',', ""'show"", ""'"", ',', ""'typical"", ""'"", ',', ""'Navarran"", ""'"", ',', ""'whiff"", ""'"", ',', ""'green"", ""'"", ',', ""'herbs"", ""'"", ',', ""'"", ',', ""'"", ',', ""'case"", ""'"", ',', ""'"", ',', ""'"", ',', ""'horseradish"", ""'"", ',', ""'"", '.', ""'"", ',', ""'In"", ""'"", ',', ""'mouth"", ""'"", ',', ""'"", ',', ""'"", ',', ""'fairly"", ""'"", ',', ""'full"", ""'"", ',', ""'bodied"", ""'"", ',', ""'"", ',', ""'"", ',', ""'tomatoey"", ""'"", ',', ""'acidity"", ""'"", ',', ""'"", '.', ""'"", ',', ""'Spicy"", ""'"", ',', ""'"", ',', ""'"", ',', ""'herbal"", ""'"", ',', ""'flavors"", ""'"", ',', ""'complement"", ""'"", ',', ""'dark"", ""'"", ',', ""'plum"", ""'"", ',', ""'fruit"", ""'"", ',', ""'"", ',', ""'"", ',', ""'finish"", ""'"", ',', ""'fresh"", ""'"", ',', ""'grabby"", ""'"", ',', ""'"", '.', ""'"", ']']";Ars In Vitro;87;15.0;Navarra;Michael Schachner;Tandem 2011 Ars In Vitro Tempranillo-Merlot (Navarra);Tempranillo-Merlot;Tandem
6;Italy;"['[', ""'Here"", ""'"", ',', '``', ""'s"", ""''"", ',', ""'bright"", ""'"", ',', ""'"", ',', ""'"", ',', ""'informal"", ""'"", ',', ""'red"", ""'"", ',', ""'opens"", ""'"", ',', ""'aromas"", ""'"", ',', ""'candied"", ""'"", ',', ""'berry"", ""'"", ',', ""'"", ',', ""'"", ',', ""'white"", ""'"", ',', ""'pepper"", ""'"", ',', ""'savory"", ""'"", ',', ""'herb"", ""'"", ',', ""'carry"", ""'"", ',', ""'palate"", ""'"", ',', ""'"", '.', ""'"", ',', ""'It"", ""'"", ',', '``', ""'s"", ""''"", ',', ""'balanced"", ""'"", ',', ""'fresh"", ""'"", ',', ""'acidity"", ""'"", ',', ""'soft"", ""'"", ',', ""'tannins"", ""'"", ',', ""'"", '.', ""'"", ']']";Belsito;87;16.0;Vittoria;Kerin O’Keefe;Terre di Giurfo 2013 Belsito Frappato (Vittoria);Frappato;Terre di Giurfo
7;France;"['[', ""'This"", ""'"", ',', ""'dry"", ""'"", ',', ""'restrained"", ""'"", ',', ""'wine"", ""'"", ',', ""'offers"", ""'"", ',', ""'spice"", ""'"", ',', ""'profusion"", ""'"", ',', ""'"", '.', ""'"", ',', ""'Balanced"", ""'"", ',', ""'acidity"", ""'"", ',', ""'firm"", ""'"", ',', ""'texture"", ""'"", ',', ""'"", ',', ""'"", ',', '``', ""'s"", ""''"", ',', ""'much"", ""'"", ',', ""'food"", ""'"", ',', ""'"", '.', ""'"", ']']";;87;24.0;Alsace;Roger Voss;Trimbach 2012 Gewurztraminer (Alsace);Gewürztraminer;Trimbach
8;Germany;"['[', ""'Savory"", ""'"", ',', ""'dried"", ""'"", ',', ""'thyme"", ""'"", ',', ""'notes"", ""'"", ',', ""'accent"", ""'"", ',', ""'sunnier"", ""'"", ',', ""'flavors"", ""'"", ',', ""'preserved"", ""'"", ',', ""'peach"", ""'"", ',', ""'brisk"", ""'"", ',', ""'"", ',', ""'"", ',', ""'off-dry"", ""'"", ',', ""'wine"", ""'"", ',', ""'"", '.', ""'"", ',', ""'It"", ""'"", ',', '``', ""'s"", ""''"", ',', ""'fruity"", ""'"", ',', ""'fresh"", ""'"", ',', ""'"", ',', ""'"", ',', ""'elegant"", ""'"", ',', ""'"", ',', ""'"", ',', ""'sprightly"", ""'"", ',', ""'footprint"", ""'"", ',', ""'"", '.', ""'"", ']']";Shine;87;12.0;;Anna Lee C. Iijima;Heinz Eifel 2013 Shine Gewürztraminer (Rheinhessen);Gewürztraminer;Heinz Eifel
9;France;"['[', ""'This"", ""'"", ',', ""'great"", ""'"", ',', ""'depth"", ""'"", ',', ""'flavor"", ""'"", ',', ""'fresh"", ""'"", ',', ""'apple"", ""'"", ',', ""'pear"", ""'"", ',', ""'fruits"", ""'"", ',', ""'touch"", ""'"", ',', ""'spice"", ""'"", ',', ""'"", '.', ""'"", ',', ""'It"", ""'"", ',', '``', ""'s"", ""''"", ',', ""'dry"", ""'"", ',', ""'balanced"", ""'"", ',', ""'acidity"", ""'"", ',', ""'crisp"", ""'"", ',', ""'texture"", ""'"", ',', ""'"", '.', ""'"", ',', ""'Drink"", ""'"", ',', ""'"", '.', ""'"", ']']";Les Natures;87;27.0;Alsace;Roger Voss;Jean-Baptiste Adam 2012 Les Natures Pinot Gris (Alsace);Pinot Gris;Jean-Baptiste Adam
10;US;"['[', ""'Soft"", ""'"", ',', ""'"", ',', ""'"", ',', ""'supple"", ""'"", ',', ""'plum"", ""'"", ',', ""'envelopes"", ""'"", ',', ""'oaky"", ""'"", ',', ""'structure"", ""'"", ',', ""'Cabernet"", ""'"", ',', ""'"", ',', ""'"", ',', ""'supported"", ""'"", ',', ""'15"", ""'"", ',', ""'"", '%', ""'"", ',', ""'Merlot"", ""'"", ',', ""'"", '.', ""'"", ',', ""'Coffee"", ""'"", ',', ""'chocolate"", ""'"", ',', ""'complete"", ""'"", ',', ""'picture"", ""'"", ',', ""'"", ',', ""'"", ',', ""'finishing"", ""'"", ',', ""'strong"", ""'"", ',', ""'end"", ""'"", ',', ""'"", ',', ""'"", ',', ""'resulting"", ""'"", ',', ""'value-priced"", ""'"", ',', ""'wine"", ""'"", ',', ""'attractive"", ""'"", ',', ""'flavor"", ""'"", ',', ""'immediate"", ""'"", ',', ""'accessibility"", ""'"", ',', ""'"", '.', ""'"", ']']";Mountain Cuvée;87;19.0;Napa Valley;Virginie Boone;Kirkland Signature 2011 Mountain Cuvée Cabernet Sauvignon (Napa Valley);Cabernet Sauvignon;Kirkland Signature
11;France;"['[', ""'This"", ""'"", ',', ""'dry"", ""'"", ',', ""'wine"", ""'"", ',', ""'"", ',', ""'"", ',', ""'spicy"", ""'"", ',', ""'"", ',', ""'"", ',', ""'tight"", ""'"", ',', ""'"", ',', ""'"", ',', ""'taut"", ""'"", ',', ""'texture"", ""'"", ',', ""'strongly"", ""'"", ',', ""'mineral"", ""'"", ',', ""'character"", ""'"", ',', ""'layered"", ""'"", ',', ""'citrus"", ""'"", ',', ""'well"", ""'"", ',', ""'pepper"", ""'"", ',', ""'"", '.', ""'"", ',', ""'It"", ""'"", ',', '``', ""'s"", ""''"", ',', ""'food"", ""'"", ',', ""'wine"", ""'"", ',', ""'almost"", ""'"", ',', ""'crisp"", ""'"", ',', ""'aftertaste"", ""'"", ',', ""'"", '.', ""'"", ']']";;87;30.0;Alsace;Roger Voss;Leon Beyer 2012 Gewurztraminer (Alsace);Gewürztraminer;Leon Beyer
12;US;"['[', ""'Slightly"", ""'"", ',', ""'reduced"", ""'"", ',', ""'"", ',', ""'"", ',', ""'wine"", ""'"", ',', ""'offers"", ""'"", ',', ""'chalky"", ""'"", ',', ""'"", ',', ""'"", ',', ""'tannic"", ""'"", ',', ""'backbone"", ""'"", ',', ""'otherwise"", ""'"", ',', ""'juicy"", ""'"", ',', ""'explosion"", ""'"", ',', ""'rich"", ""'"", ',', ""'black"", ""'"", ',', ""'cherry"", ""'"", ',', ""'"", ',', ""'"", ',', ""'whole"", ""'"", ',', ""'accented"", ""'"", ',', ""'throughout"", ""'"", ',', ""'firm"", ""'"", ',', ""'oak"", ""'"", ',', ""'cigar"", ""'"", ',', ""'box"", ""'"", ',', ""'"", '.', ""'"", ']']";;87;34.0;Alexander Valley;Virginie Boone;Louis M. Martini 2012 Cabernet Sauvignon (Alexander Valley);Cabernet Sauvignon;Louis M. Martini
13;Italy;"['[', ""'This"", ""'"", ',', ""'dominated"", ""'"", ',', ""'oak"", ""'"", ',', ""'oak-driven"", ""'"", ',', ""'aromas"", ""'"", ',', ""'include"", ""'"", ',', ""'roasted"", ""'"", ',', ""'coffee"", ""'"", ',', ""'bean"", ""'"", ',', ""'"", ',', ""'"", ',', ""'espresso"", ""'"", ',', ""'"", ',', ""'"", ',', ""'coconut"", ""'"", ',', ""'vanilla"", ""'"", ',', ""'carry"", ""'"", ',', ""'palate"", ""'"", ',', ""'"", ',', ""'"", ',', ""'together"", ""'"", ',', ""'plum"", ""'"", ',', ""'chocolate"", ""'"", ',', ""'"", '.', ""'"", ',', ""'Astringent"", ""'"", ',', ""'"", ',', ""'"", ',', ""'drying"", ""'"", ',', ""'tannins"", ""'"", ',', ""'give"", ""'"", ',', ""'rather"", ""'"", ',', ""'abrupt"", ""'"", ',', ""'finish"", ""'"", ',', ""'"", '.', ""'"", ']']";Rosso;87;;Etna;Kerin O’Keefe;Masseria Setteporte 2012 Rosso  (Etna);Nerello Mascalese;Masseria Setteporte
14;US;"['[', ""'Building"", ""'"", ',', ""'150"", ""'"", ',', ""'years"", ""'"", ',', ""'six"", ""'"", ',', ""'generations"", ""'"", ',', ""'winemaking"", ""'"", ',', ""'tradition"", ""'"", ',', ""'"", ',', ""'"", ',', ""'winery"", ""'"", ',', ""'trends"", ""'"", ',', ""'toward"", ""'"", ',', ""'leaner"", ""'"", ',', ""'style"", ""'"", ',', ""'"", ',', ""'"", ',', ""'classic"", ""'"", ',', ""'California"", ""'"", ',', ""'buttercream"", ""'"", ',', ""'aroma"", ""'"", ',', ""'cut"", ""'"", ',', ""'tart"", ""'"", ',', ""'green"", ""'"", ',', ""'apple"", ""'"", ',', ""'"", '.', ""'"", ',', ""'In"", ""'"", ',', ""'good"", ""'"", ',', ""'everyday"", ""'"", ',', ""'sipping"", ""'"", ',', ""'wine"", ""'"", ',', ""'"", ',', ""'"", ',', ""'flavors"", ""'"", ',', ""'range"", ""'"", ',', ""'pear"", ""'"", ',', ""'barely"", ""'"", ',', ""'ripe"", ""'"", ',', ""'pineapple"", ""'"", ',', ""'prove"", ""'"", ',', ""'approachable"", ""'"", ',', ""'distinctive"", ""'"", ',', ""'"", '.', ""'"", ']']";;87;12.0;Central Coast;Matt Kettmann;Mirassou 2012 Chardonnay (Central Coast);Chardonnay;Mirassou
15;Germany;"['[', ""'Zesty"", ""'"", ',', ""'orange"", ""'"", ',', ""'peels"", ""'"", ',', ""'apple"", ""'"", ',', ""'notes"", ""'"", ',', ""'abound"", ""'"", ',', ""'sprightly"", ""'"", ',', ""'"", ',', ""'"", ',', ""'mineral-toned"", ""'"", ',', ""'Riesling"", ""'"", ',', ""'"", '.', ""'"", ',', ""'Off"", ""'"", ',', ""'dry"", ""'"", ',', ""'palate"", ""'"", ',', ""'"", ',', ""'"", ',', ""'yet"", ""'"", ',', ""'racy"", ""'"", ',', ""'lean"", ""'"", ',', ""'"", ',', ""'"", ',', '``', ""'s"", ""''"", ',', ""'refreshing"", ""'"", ',', ""'"", ',', ""'"", ',', ""'easy"", ""'"", ',', ""'quaffer"", ""'"", ',', ""'wide"", ""'"", ',', ""'appeal"", ""'"", ',', ""'"", '.', ""'"", ']']";Devon;87;24.0;;Anna Lee C. Iijima;Richard Böcking 2013 Devon Riesling (Mosel);Riesling;Richard Böcking
16;Argentina;"['[', ""'Baked"", ""'"", ',', ""'plum"", ""'"", ',', ""'"", ',', ""'"", ',', ""'molasses"", ""'"", ',', ""'"", ',', ""'"", ',', ""'balsamic"", ""'"", ',', ""'vinegar"", ""'"", ',', ""'cheesy"", ""'"", ',', ""'oak"", ""'"", ',', ""'aromas"", ""'"", ',', ""'feed"", ""'"", ',', ""'palate"", ""'"", ',', '``', ""'s"", ""''"", ',', ""'braced"", ""'"", ',', ""'bolt"", ""'"", ',', ""'acidity"", ""'"", ',', ""'"", '.', ""'"", ',', ""'"", 'A', ""'"", ',', ""'compact"", ""'"", ',', ""'set"", ""'"", ',', ""'saucy"", ""'"", ',', ""'red-berry"", ""'"", ',', ""'plum"", ""'"", ',', ""'flavors"", ""'"", ',', ""'features"", ""'"", ',', ""'tobacco"", ""'"", ',', ""'peppery"", ""'"", ',', ""'accents"", ""'"", ',', ""'"", ',', ""'"", ',', ""'finish"", ""'"", ',', ""'mildly"", ""'"", ',', ""'green"", ""'"", ',', ""'flavor"", ""'"", ',', ""'"", ',', ""'"", ',', ""'respectable"", ""'"", ',', ""'weight"", ""'"", ',', ""'balance"", ""'"", ',', ""'"", '.', ""'"", ']']";Felix;87;30.0;Cafayate;Michael Schachner;Felix Lavaque 2010 Felix Malbec (Cafayate);Malbec;Felix Lavaque
17;Argentina;"['[', ""'Raw"", ""'"", ',', ""'black-cherry"", ""'"", ',', ""'aromas"", ""'"", ',', ""'direct"", ""'"", ',', ""'simple"", ""'"", ',', ""'good"", ""'"", ',', ""'"", '.', ""'"", ',', ""'This"", ""'"", ',', ""'juicy"", ""'"", ',', ""'feel"", ""'"", ',', ""'thickens"", ""'"", ',', ""'time"", ""'"", ',', ""'"", ',', ""'"", ',', ""'oak"", ""'"", ',', ""'character"", ""'"", ',', ""'extract"", ""'"", ',', ""'becoming"", ""'"", ',', ""'apparent"", ""'"", ',', ""'"", '.', ""'"", ',', ""'"", 'A', ""'"", ',', ""'flavor"", ""'"", ',', ""'profile"", ""'"", ',', ""'driven"", ""'"", ',', ""'dark-berry"", ""'"", ',', ""'fruits"", ""'"", ',', ""'smoldering"", ""'"", ',', ""'oak"", ""'"", ',', ""'finishes"", ""'"", ',', ""'meaty"", ""'"", ',', ""'hot"", ""'"", ',', ""'"", '.', ""'"", ']']";Winemaker Selection;87;13.0;Mendoza;Michael Schachner;Gaucho Andino 2011 Winemaker Selection Malbec (Mendoza);Malbec;Gaucho Andino
18;Spain;"['[', ""'Desiccated"", ""'"", ',', ""'blackberry"", ""'"", ',', ""'"", ',', ""'"", ',', ""'leather"", ""'"", ',', ""'"", ',', ""'"", ',', ""'charred"", ""'"", ',', ""'wood"", ""'"", ',', ""'mint"", ""'"", ',', ""'aromas"", ""'"", ',', ""'carry"", ""'"", ',', ""'nose"", ""'"", ',', ""'full-bodied"", ""'"", ',', ""'"", ',', ""'"", ',', ""'tannic"", ""'"", ',', ""'"", ',', ""'"", ',', ""'heavily"", ""'"", ',', ""'oaked"", ""'"", ',', ""'Tinto"", ""'"", ',', ""'Fino"", ""'"", ',', ""'"", '.', ""'"", ',', ""'Flavors"", ""'"", ',', ""'clove"", ""'"", ',', ""'woodspice"", ""'"", ',', ""'sit"", ""'"", ',', ""'top"", ""'"", ',', ""'blackberry"", ""'"", ',', ""'fruit"", ""'"", ',', ""'"", ',', ""'"", ',', ""'hickory"", ""'"", ',', ""'forceful"", ""'"", ',', ""'oak-based"", ""'"", ',', ""'aromas"", ""'"", ',', ""'rise"", ""'"", ',', ""'dominate"", ""'"", ',', ""'finish"", ""'"", ',', ""'"", '.', ""'"", ']']";Vendimia Seleccionada Finca Valdelayegua Single Vineyard Crianza;87;28.0;Ribera del Duero;Michael Schachner;Pradorey 2010 Vendimia Seleccionada Finca Valdelayegua Single Vineyard Crianza  (Ribera del Duero);Tempranillo Blend;Pradorey
19;US;"['[', ""'Red"", ""'"", ',', ""'fruit"", ""'"", ',', ""'aromas"", ""'"", ',', ""'pervade"", ""'"", ',', ""'nose"", ""'"", ',', ""'"", ',', ""'"", ',', ""'cigar"", ""'"", ',', ""'box"", ""'"", ',', ""'menthol"", ""'"", ',', ""'notes"", ""'"", ',', ""'riding"", ""'"", ',', ""'back"", ""'"", ',', ""'"", '.', ""'"", ',', ""'The"", ""'"", ',', ""'palate"", ""'"", ',', ""'slightly"", ""'"", ',', ""'restrained"", ""'"", ',', ""'entry"", ""'"", ',', ""'"", ',', ""'"", ',', ""'opens"", ""'"", ',', ""'riper"", ""'"", ',', ""'notes"", ""'"", ',', ""'cherry"", ""'"", ',', ""'plum"", ""'"", ',', ""'specked"", ""'"", ',', ""'crushed"", ""'"", ',', ""'pepper"", ""'"", ',', ""'"", '.', ""'"", ',', ""'This"", ""'"", ',', ""'blend"", ""'"", ',', ""'Merlot"", ""'"", ',', ""'"", ',', ""'"", ',', ""'Cabernet"", ""'"", ',', ""'Sauvignon"", ""'"", ',', ""'Cabernet"", ""'"", ',', ""'Franc"", ""'"", ',', ""'approachable"", ""'"", ',', ""'ready"", ""'"", ',', ""'enjoyed"", ""'"", ',', ""'"", '.', ""'"", ']']";;87;32.0;Virginia;Alexander Peartree;Quiévremont 2012 Meritage (Virginia);Meritage;Quiévremont
20;US;"['[', ""'Ripe"", ""'"", ',', ""'aromas"", ""'"", ',', ""'dark"", ""'"", ',', ""'berries"", ""'"", ',', ""'mingle"", ""'"", ',', ""'ample"", ""'"", ',', ""'notes"", ""'"", ',', ""'black"", ""'"", ',', ""'pepper"", ""'"", ',', ""'"", ',', ""'"", ',', ""'toasted"", ""'"", ',', ""'vanilla"", ""'"", ',', ""'dusty"", ""'"", ',', ""'tobacco"", ""'"", ',', ""'"", '.', ""'"", ',', ""'The"", ""'"", ',', ""'palate"", ""'"", ',', ""'oak-driven"", ""'"", ',', ""'nature"", ""'"", ',', ""'"", ',', ""'"", ',', ""'notes"", ""'"", ',', ""'tart"", ""'"", ',', ""'red"", ""'"", ',', ""'currant"", ""'"", ',', ""'shine"", ""'"", ',', ""'"", ',', ""'"", ',', ""'offering"", ""'"", ',', ""'bit"", ""'"", ',', ""'levity"", ""'"", ',', ""'"", '.', ""'"", ']']";Vin de Maison;87;23.0;Virginia;Alexander Peartree;Quiévremont 2012 Vin de Maison Red (Virginia);Red Blend;Quiévremont
21;US;"['[', ""'"", 'A', ""'"", ',', ""'sleek"", ""'"", ',', ""'mix"", ""'"", ',', ""'tart"", ""'"", ',', ""'berry"", ""'"", ',', ""'"", ',', ""'"", ',', ""'stem"", ""'"", ',', ""'herb"", ""'"", ',', ""'"", ',', ""'"", ',', ""'along"", ""'"", ',', ""'hint"", ""'"", ',', ""'oak"", ""'"", ',', ""'chocolate"", ""'"", ',', ""'"", ',', ""'"", ',', ""'fair"", ""'"", ',', ""'value"", ""'"", ',', ""'widely"", ""'"", ',', ""'available"", ""'"", ',', ""'"", ',', ""'"", ',', ""'drink-now"", ""'"", ',', ""'Oregon"", ""'"", ',', ""'Pinot"", ""'"", ',', ""'"", '.', ""'"", ',', ""'The"", ""'"", ',', ""'wine"", ""'"", ',', ""'oak-aged"", ""'"", ',', ""'six"", ""'"", ',', ""'months"", ""'"", ',', ""'"", ',', ""'"", ',', ""'whether"", ""'"", ',', ""'neutral"", ""'"", ',', ""'re-staved"", ""'"", ',', ""'indicated"", ""'"", ',', ""'"", '.', ""'"", ']']";;87;20.0;Oregon;Paul Gregutt;Acrobat 2013 Pinot Noir (Oregon);Pinot Noir;Acrobat
22;Italy;"['[', ""'Delicate"", ""'"", ',', ""'aromas"", ""'"", ',', ""'recall"", ""'"", ',', ""'white"", ""'"", ',', ""'flower"", ""'"", ',', ""'citrus"", ""'"", ',', ""'"", '.', ""'"", ',', ""'The"", ""'"", ',', ""'palate"", ""'"", ',', ""'offers"", ""'"", ',', ""'passion"", ""'"", ',', ""'fruit"", ""'"", ',', ""'"", ',', ""'"", ',', ""'lime"", ""'"", ',', ""'white"", ""'"", ',', ""'peach"", ""'"", ',', ""'hint"", ""'"", ',', ""'mineral"", ""'"", ',', ""'alongside"", ""'"", ',', ""'bright"", ""'"", ',', ""'acidity"", ""'"", ',', ""'"", '.', ""'"", ']']";Ficiligno;87;19.0;Sicilia;Kerin O’Keefe;Baglio di Pianetto 2007 Ficiligno White (Sicilia);White Blend;Baglio di Pianetto
23;US;"['[', ""'This"", ""'"", ',', ""'wine"", ""'"", ',', ""'Geneseo"", ""'"", ',', ""'district"", ""'"", ',', ""'offers"", ""'"", ',', ""'aromas"", ""'"", ',', ""'sour"", ""'"", ',', ""'plums"", ""'"", ',', ""'enough"", ""'"", ',', ""'cigar"", ""'"", ',', ""'box"", ""'"", ',', ""'tempt"", ""'"", ',', ""'nose"", ""'"", ',', ""'"", '.', ""'"", ',', ""'The"", ""'"", ',', ""'flavors"", ""'"", ',', ""'bit"", ""'"", ',', ""'flat"", ""'"", ',', ""'first"", ""'"", ',', ""'"", ',', ""'"", ',', ""'acidity"", ""'"", ',', ""'tension"", ""'"", ',', ""'sour"", ""'"", ',', ""'cherries"", ""'"", ',', ""'emerges"", ""'"", ',', ""'midpalate"", ""'"", ',', ""'"", ',', ""'"", ',', ""'bolstered"", ""'"", ',', ""'black"", ""'"", ',', ""'licorice"", ""'"", ',', ""'"", '.', ""'"", ']']";Signature Selection;87;22.0;Paso Robles;Matt Kettmann;Bianchi 2011 Signature Selection Merlot (Paso Robles);Merlot;Bianchi
24;Italy;"['[', ""'Aromas"", ""'"", ',', ""'prune"", ""'"", ',', ""'"", ',', ""'"", ',', ""'blackcurrant"", ""'"", ',', ""'"", ',', ""'"", ',', ""'toast"", ""'"", ',', ""'oak"", ""'"", ',', ""'carry"", ""'"", ',', ""'extracted"", ""'"", ',', ""'palate"", ""'"", ',', ""'"", ',', ""'"", ',', ""'along"", ""'"", ',', ""'flavors"", ""'"", ',', ""'black"", ""'"", ',', ""'cherry"", ""'"", ',', ""'roasted"", ""'"", ',', ""'coffee"", ""'"", ',', ""'beans"", ""'"", ',', ""'"", '.', ""'"", ',', ""'Firm"", ""'"", ',', ""'drying"", ""'"", ',', ""'tannins"", ""'"", ',', ""'provide"", ""'"", ',', ""'framework"", ""'"", ',', ""'"", '.', ""'"", ']']";Aynat;87;35.0;Sicilia;Kerin O’Keefe;Canicattì 2009 Aynat Nero d'Avola (Sicilia);Nero d'Avola;Canicattì
25;US;"['[', ""'Oak"", ""'"", ',', ""'earth"", ""'"", ',', ""'intermingle"", ""'"", ',', ""'around"", ""'"", ',', ""'robust"", ""'"", ',', ""'aromas"", ""'"", ',', ""'wet"", ""'"", ',', ""'forest"", ""'"", ',', ""'floor"", ""'"", ',', ""'vineyard-designated"", ""'"", ',', ""'Pinot"", ""'"", ',', ""'hails"", ""'"", ',', ""'high-elevation"", ""'"", ',', ""'site"", ""'"", ',', ""'"", '.', ""'"", ',', ""'Small"", ""'"", ',', ""'production"", ""'"", ',', ""'"", ',', ""'"", ',', ""'offers"", ""'"", ',', ""'intense"", ""'"", ',', ""'"", ',', ""'"", ',', ""'full-bodied"", ""'"", ',', ""'raspberry"", ""'"", ',', ""'blackberry"", ""'"", ',', ""'steeped"", ""'"", ',', ""'smoky"", ""'"", ',', ""'spice"", ""'"", ',', ""'smooth"", ""'"", ',', ""'texture"", ""'"", ',', ""'"", '.', ""'"", ']']";King Ridge Vineyard;87;69.0;Sonoma Coast;Virginie Boone;Castello di Amorosa 2011 King Ridge Vineyard Pinot Noir (Sonoma Coast);Pinot Noir;Castello di Amorosa
26;Italy;"['[', ""'Pretty"", ""'"", ',', ""'aromas"", ""'"", ',', ""'yellow"", ""'"", ',', ""'flower"", ""'"", ',', ""'stone"", ""'"", ',', ""'fruit"", ""'"", ',', ""'lead"", ""'"", ',', ""'nose"", ""'"", ',', ""'"", '.', ""'"", ',', ""'The"", ""'"", ',', ""'bright"", ""'"", ',', ""'palate"", ""'"", ',', ""'offers"", ""'"", ',', ""'yellow"", ""'"", ',', ""'apple"", ""'"", ',', ""'"", ',', ""'"", ',', ""'apricot"", ""'"", ',', ""'"", ',', ""'"", ',', ""'vanilla"", ""'"", ',', ""'delicate"", ""'"", ',', ""'notes"", ""'"", ',', ""'lightly"", ""'"", ',', ""'toasted"", ""'"", ',', ""'oak"", ""'"", ',', ""'alongside"", ""'"", ',', ""'crisp"", ""'"", ',', ""'acidity"", ""'"", ',', ""'"", '.', ""'"", ']']";Dalila;87;13.0;Terre Siciliane;Kerin O’Keefe;Stemmari 2013 Dalila White (Terre Siciliane);White Blend;Stemmari
27;Italy;"['[', ""'Aromas"", ""'"", ',', ""'recall"", ""'"", ',', ""'ripe"", ""'"", ',', ""'dark"", ""'"", ',', ""'berry"", ""'"", ',', ""'"", ',', ""'"", ',', ""'toast"", ""'"", ',', ""'whiff"", ""'"", ',', ""'cake"", ""'"", ',', ""'spice"", ""'"", ',', ""'"", '.', ""'"", ',', ""'The"", ""'"", ',', ""'soft"", ""'"", ',', ""'"", ',', ""'"", ',', ""'informal"", ""'"", ',', ""'palate"", ""'"", ',', ""'offers"", ""'"", ',', ""'sour"", ""'"", ',', ""'cherry"", ""'"", ',', ""'"", ',', ""'"", ',', ""'vanilla"", ""'"", ',', ""'hint"", ""'"", ',', ""'espresso"", ""'"", ',', ""'alongside"", ""'"", ',', ""'round"", ""'"", ',', ""'tannins"", ""'"", ',', ""'"", '.', ""'"", ',', ""'Drink"", ""'"", ',', ""'soon"", ""'"", ',', ""'"", '.', ""'"", ']']";;87;10.0;Terre Siciliane;Kerin O’Keefe;Stemmari 2013 Nero d'Avola (Terre Siciliane);Nero d'Avola;Stemmari
28;Italy;"['[', ""'Aromas"", ""'"", ',', ""'suggest"", ""'"", ',', ""'mature"", ""'"", ',', ""'berry"", ""'"", ',', ""'"", ',', ""'"", ',', ""'scorched"", ""'"", ',', ""'earth"", ""'"", ',', ""'"", ',', ""'"", ',', ""'animal"", ""'"", ',', ""'"", ',', ""'"", ',', ""'toast"", ""'"", ',', ""'anise"", ""'"", ',', ""'"", '.', ""'"", ',', ""'The"", ""'"", ',', ""'palate"", ""'"", ',', ""'offers"", ""'"", ',', ""'ripe"", ""'"", ',', ""'black"", ""'"", ',', ""'berry"", ""'"", ',', ""'"", ',', ""'"", ',', ""'oak"", ""'"", ',', ""'"", ',', ""'"", ',', ""'espresso"", ""'"", ',', ""'"", ',', ""'"", ',', ""'cocoa"", ""'"", ',', ""'vanilla"", ""'"", ',', ""'alongside"", ""'"", ',', ""'dusty"", ""'"", ',', ""'tannins"", ""'"", ',', ""'"", '.', ""'"", ']']";Mascaria Barricato;87;17.0;Cerasuolo di Vittoria;Kerin O’Keefe;Terre di Giurfo 2011 Mascaria Barricato  (Cerasuolo di Vittoria);Red Blend;Terre di Giurfo
29;US;"['[', ""'Clarksburg"", ""'"", ',', ""'becoming"", ""'"", ',', ""'Chenin"", ""'"", ',', ""'Blanc"", ""'"", ',', ""'California"", ""'"", ',', ""'"", '.', ""'"", ',', ""'This"", ""'"", ',', ""'bottling"", ""'"", ',', ""'"", ',', ""'"", ',', ""'using"", ""'"", ',', ""'fruit"", ""'"", ',', ""'sourced"", ""'"", ',', ""'several"", ""'"", ',', ""'vineyards"", ""'"", ',', ""'area"", ""'"", ',', ""'"", ',', ""'"", ',', ""'balanced"", ""'"", ',', ""'trace"", ""'"", ',', ""'sweetness"", ""'"", ',', ""'background"", ""'"", ',', ""'"", '(', ""'"", ',', ""'"", '1', ""'"", ',', ""'"", '%', ""'"", ',', ""'residual"", ""'"", ',', ""'sugar"", ""'"", ',', ""'"", ')', ""'"", ',', ""'"", '.', ""'"", ',', ""'This"", ""'"", ',', ""'crisp"", ""'"", ',', ""'"", ',', ""'"", ',', ""'straightforward"", ""'"", ',', ""'blessed"", ""'"", ',', ""'notes"", ""'"", ',', ""'pear"", ""'"", ',', ""'lime"", ""'"", ',', ""'"", '.', ""'"", ',', ""'Drink"", ""'"", ',', ""'cold"", ""'"", ',', ""'"", '.', ""'"", ']']";;86;16.0;Clarksburg;Virginie Boone;Clarksburg Wine Company 2010 Chenin Blanc (Clarksburg);Chenin Blanc;Clarksburg Wine Company
30;France;"['[', ""'Red"", ""'"", ',', ""'cherry"", ""'"", ',', ""'fruit"", ""'"", ',', ""'comes"", ""'"", ',', ""'laced"", ""'"", ',', ""'light"", ""'"", ',', ""'tannins"", ""'"", ',', ""'"", ',', ""'"", ',', ""'giving"", ""'"", ',', ""'bright"", ""'"", ',', ""'wine"", ""'"", ',', ""'open"", ""'"", ',', ""'"", ',', ""'"", ',', ""'juicy"", ""'"", ',', ""'character"", ""'"", ',', ""'"", '.', ""'"", ']']";Nouveau;86;;Beaujolais-Villages;Roger Voss;Domaine de la Madone 2012 Nouveau  (Beaujolais-Villages);Gamay;Domaine de la Madone
31;Italy;"['[', ""'Merlot"", ""'"", ',', ""'Nero"", ""'"", ',', '``', ""d'Avola"", ""''"", ',', ""'form"", ""'"", ',', ""'base"", ""'"", ',', ""'easy"", ""'"", ',', ""'red"", ""'"", ',', ""'wine"", ""'"", ',', ""'would"", ""'"", ',', ""'pair"", ""'"", ',', ""'fettuccine"", ""'"", ',', ""'meat"", ""'"", ',', ""'sauce"", ""'"", ',', ""'pork"", ""'"", ',', ""'roast"", ""'"", ',', ""'"", '.', ""'"", ',', ""'The"", ""'"", ',', ""'quality"", ""'"", ',', ""'fruit"", ""'"", ',', ""'clean"", ""'"", ',', ""'"", ',', ""'"", ',', ""'bright"", ""'"", ',', ""'sharp"", ""'"", ',', ""'"", '.', ""'"", ']']";Calanìca Nero d'Avola-Merlot;86;;Sicilia;;Duca di Salaparuta 2010 Calanìca Nero d'Avola-Merlot Red (Sicilia);Red Blend;Duca di Salaparuta
32;Italy;"['[', ""'Part"", ""'"", ',', ""'extended"", ""'"", ',', ""'Calanìca"", ""'"", ',', ""'series"", ""'"", ',', ""'"", ',', ""'"", ',', ""'Grillo-Viognier"", ""'"", ',', ""'blend"", ""'"", ',', ""'shows"", ""'"", ',', ""'aromas"", ""'"", ',', ""'honeysuckle"", ""'"", ',', ""'jasmine"", ""'"", ',', ""'"", ',', ""'"", ',', ""'backed"", ""'"", ',', ""'touches"", ""'"", ',', ""'cut"", ""'"", ',', ""'grass"", ""'"", ',', ""'wild"", ""'"", ',', ""'sage"", ""'"", ',', ""'"", '.', ""'"", ',', ""'In"", ""'"", ',', ""'mouth"", ""'"", ',', ""'"", ',', ""'"", ',', ""'shows"", ""'"", ',', ""'ripe"", ""'"", ',', ""'yellow-fruit"", ""'"", ',', ""'flavors"", ""'"", ',', ""'"", '.', ""'"", ']']";Calanìca Grillo-Viognier;86;;Sicilia;;Duca di Salaparuta 2011 Calanìca Grillo-Viognier White (Sicilia);White Blend;Duca di Salaparuta
33;US;"['[', ""'Rustic"", ""'"", ',', ""'dry"", ""'"", ',', ""'"", ',', ""'"", ',', ""'flavors"", ""'"", ',', ""'berries"", ""'"", ',', ""'"", ',', ""'"", ',', ""'currants"", ""'"", ',', ""'"", ',', ""'"", ',', ""'licorice"", ""'"", ',', ""'spices"", ""'"", ',', ""'"", '.', ""'"", ',', ""'Made"", ""'"", ',', ""'Cabernet"", ""'"", ',', ""'Franc"", ""'"", ',', ""'Cabernet"", ""'"", ',', ""'Sauvignon"", ""'"", ',', ""'"", '.', ""'"", ']']";Puma Springs Vineyard;86;50.0;Dry Creek Valley;;Envolve 2010 Puma Springs Vineyard Red (Dry Creek Valley);Red Blend;Envolve
34;US;"['[', ""'This"", ""'"", ',', ""'shows"", ""'"", ',', ""'tart"", ""'"", ',', ""'"", ',', ""'"", ',', ""'green"", ""'"", ',', ""'gooseberry"", ""'"", ',', ""'flavor"", ""'"", ',', ""'similar"", ""'"", ',', ""'New"", ""'"", ',', ""'Zealand"", ""'"", ',', ""'Sauvignon"", ""'"", ',', ""'Blanc"", ""'"", ',', ""'"", '.', ""'"", ',', ""'Other"", ""'"", ',', ""'notes"", ""'"", ',', ""'include"", ""'"", ',', ""'tropical"", ""'"", ',', ""'fruit"", ""'"", ',', ""'"", ',', ""'"", ',', ""'orange"", ""'"", ',', ""'honey"", ""'"", ',', ""'"", '.', ""'"", ',', ""'Unoaked"", ""'"", ',', ""'"", ',', ""'"", ',', ""'splash"", ""'"", ',', ""'Muscat"", ""'"", ',', ""'"", ',', ""'"", ',', ""'commendable"", ""'"", ',', ""'dryness"", ""'"", ',', ""'acidity"", ""'"", ',', ""'"", '.', ""'"", ']']";;86;20.0;Sonoma Valley;;Envolve 2011 Sauvignon Blanc (Sonoma Valley);Sauvignon Blanc;Envolve
35;US;"['[', ""'As"", ""'"", ',', ""'many"", ""'"", ',', ""'Erath"", ""'"", ',', ""'2010"", ""'"", ',', ""'vineyard"", ""'"", ',', ""'designates"", ""'"", ',', ""'"", ',', ""'"", ',', ""'strongly"", ""'"", ',', ""'herbal"", ""'"", ',', ""'"", '.', ""'"", ',', ""'The"", ""'"", ',', ""'notes"", ""'"", ',', ""'leaf"", ""'"", ',', ""'herb"", ""'"", ',', ""'create"", ""'"", ',', ""'somewhat"", ""'"", ',', ""'unripe"", ""'"", ',', ""'flavor"", ""'"", ',', ""'impressions"", ""'"", ',', ""'"", ',', ""'"", ',', ""'touch"", ""'"", ',', ""'bitterness"", ""'"", ',', ""'finish"", ""'"", ',', ""'"", '.', ""'"", ',', ""'The"", ""'"", ',', ""'fruit"", ""'"", ',', ""'passes"", ""'"", ',', ""'ripeness"", ""'"", ',', ""'sweet"", ""'"", ',', ""'tomatoes"", ""'"", ',', ""'"", '.', ""'"", ']']";Hyland;86;50.0;McMinnville;Paul Gregutt;Erath 2010 Hyland Pinot Noir (McMinnville);Pinot Noir;Erath
36;Chile;"['[', ""'White"", ""'"", ',', ""'flower"", ""'"", ',', ""'"", ',', ""'"", ',', ""'lychee"", ""'"", ',', ""'apple"", ""'"", ',', ""'aromas"", ""'"", ',', ""'carry"", ""'"", ',', ""'mellow"", ""'"", ',', ""'bouquet"", ""'"", ',', ""'"", '.', ""'"", ',', ""'The"", ""'"", ',', ""'chunky-feeling"", ""'"", ',', ""'palate"", ""'"", ',', ""'bears"", ""'"", ',', ""'powdery"", ""'"", ',', ""'"", ',', ""'"", ',', ""'sweet"", ""'"", ',', ""'flavors"", ""'"", ',', ""'peach"", ""'"", ',', ""'melon"", ""'"", ',', ""'"", ',', ""'"", ',', ""'mixed"", ""'"", ',', ""'greener"", ""'"", ',', ""'notes"", ""'"", ',', ""'grass"", ""'"", ',', ""'lime"", ""'"", ',', ""'"", '.', ""'"", ',', ""'The"", ""'"", ',', ""'80"", ""'"", ',', ""'"", '%', ""'"", ',', ""'Viognier"", ""'"", ',', ""'component"", ""'"", ',', ""'typical"", ""'"", ',', ""'warm"", ""'"", ',', ""'climate"", ""'"", ',', ""'"", ':', ""'"", ',', ""'plump"", ""'"", ',', ""'oily"", ""'"", ',', ""'"", ',', ""'"", ',', ""'short"", ""'"", ',', ""'finish"", ""'"", ',', ""'"", '.', ""'"", ',', ""'Chardonnay"", ""'"", ',', ""'fills"", ""'"", ',', ""'blend"", ""'"", ',', ""'"", '.', ""'"", ']']";Estate;86;15.0;;Michael Schachner;Estampa 2011 Estate Viognier-Chardonnay (Colchagua Valley);Viognier-Chardonnay;Estampa
37;Italy;"['[', ""'This"", ""'"", ',', ""'concentrated"", ""'"", ',', ""'Cabernet"", ""'"", ',', ""'offers"", ""'"", ',', ""'aromas"", ""'"", ',', ""'cured"", ""'"", ',', ""'meat"", ""'"", ',', ""'"", ',', ""'"", ',', ""'dried"", ""'"", ',', ""'fruit"", ""'"", ',', ""'rosemary"", ""'"", ',', ""'"", '.', ""'"", ',', ""'Barbecue"", ""'"", ',', ""'spice"", ""'"", ',', ""'teriyaki"", ""'"", ',', ""'sauce"", ""'"", ',', ""'flavors"", ""'"", ',', ""'give"", ""'"", ',', ""'wine"", ""'"", ',', ""'bold"", ""'"", ',', ""'"", ',', ""'"", ',', ""'chewy"", ""'"", ',', ""'feel"", ""'"", ',', ""'"", '.', ""'"", ']']";Missoni;86;21.0;Sicilia;;Feudi del Pisciotto 2010 Missoni Cabernet Sauvignon (Sicilia);Cabernet Sauvignon;Feudi del Pisciotto
38;Italy;"['[', ""'Inky"", ""'"", ',', ""'color"", ""'"", ',', ""'"", ',', ""'"", ',', ""'wine"", ""'"", ',', ""'plump"", ""'"", ',', ""'aromas"", ""'"", ',', ""'ripe"", ""'"", ',', ""'fruit"", ""'"", ',', ""'"", ',', ""'"", ',', ""'blackberry"", ""'"", ',', ""'jam"", ""'"", ',', ""'rum"", ""'"", ',', ""'cake"", ""'"", ',', ""'"", '.', ""'"", ',', ""'On"", ""'"", ',', ""'palate"", ""'"", ',', ""'"", ',', ""'"", ',', ""'soft"", ""'"", ',', ""'smooth"", ""'"", ',', ""'"", '.', ""'"", ']']";I Tratturi;86;11.0;Puglia;;Feudi di San Marzano 2011 I Tratturi Primitivo (Puglia);Primitivo;Feudi di San Marzano
39;Italy;"['[', ""'Part"", ""'"", ',', ""'natural"", ""'"", ',', ""'wine"", ""'"", ',', ""'movement"", ""'"", ',', ""'"", ',', ""'"", ',', ""'wine"", ""'"", ',', ""'made"", ""'"", ',', ""'organic"", ""'"", ',', ""'grapes"", ""'"", ',', ""'"", ',', ""'"", ',', ""'label"", ""'"", ',', ""'printed"", ""'"", ',', ""'vegetable"", ""'"", ',', ""'ink"", ""'"", ',', ""'recycled"", ""'"", ',', ""'paper"", ""'"", ',', ""'"", '.', ""'"", ',', ""'The"", ""'"", ',', ""'quality"", ""'"", ',', ""'fruit"", ""'"", ',', ""'nice"", ""'"", ',', ""'"", ',', ""'"", ',', ""'juicy"", ""'"", ',', ""'palate"", ""'"", ',', ""'bright"", ""'"", ',', ""'berry"", ""'"", ',', ""'flavor"", ""'"", ',', ""'finish"", ""'"", ',', ""'"", '.', ""'"", ']']";Purato Made With Organic Grapes;86;12.0;Sicilia;;Feudo di Santa Tresa 2011 Purato Made With Organic Grapes Nero d'Avola (Sicilia);Nero d'Avola;Feudo di Santa Tresa
40;Italy;"['[', ""'Catarratto"", ""'"", ',', ""'one"", ""'"", ',', ""'Sicily"", ""'"", ',', '``', ""'s"", ""''"", ',', ""'widely"", ""'"", ',', ""'farmed"", ""'"", ',', ""'white"", ""'"", ',', ""'grape"", ""'"", ',', ""'varieties"", ""'"", ',', ""'"", '.', ""'"", ',', ""'This"", ""'"", ',', ""'expression"", ""'"", ',', ""'shows"", ""'"", ',', ""'mineral"", ""'"", ',', ""'note"", ""'"", ',', ""'"", ',', ""'"", ',', ""'backed"", ""'"", ',', ""'citrus"", ""'"", ',', ""'almond"", ""'"", ',', ""'blossom"", ""'"", ',', ""'touches"", ""'"", ',', ""'"", '.', ""'"", ']']";;86;17.0;Sicilia;;Feudo Montoni 2011 Catarratto (Sicilia);Catarratto;Feudo Montoni
41;US;"['[', ""'"", 'A', ""'"", ',', ""'stiff"", ""'"", ',', ""'"", ',', ""'"", ',', ""'tannic"", ""'"", ',', ""'wine"", ""'"", ',', ""'"", ',', ""'"", ',', ""'slowly"", ""'"", ',', ""'opens"", ""'"", ',', ""'brings"", ""'"", ',', ""'brambly"", ""'"", ',', ""'berry"", ""'"", ',', ""'flavors"", ""'"", ',', ""'play"", ""'"", ',', ""'"", ',', ""'"", ',', ""'along"", ""'"", ',', ""'notes"", ""'"", ',', ""'earthy"", ""'"", ',', ""'herbs"", ""'"", ',', ""'"", '.', ""'"", ',', ""'There"", ""'"", ',', '``', ""'s"", ""''"", ',', ""'touch"", ""'"", ',', ""'bitterness"", ""'"", ',', ""'tannins"", ""'"", ',', ""'"", '.', ""'"", ']']";;86;22.0;Willamette Valley;Paul Gregutt;Hawkins Cellars 2009 Pinot Noir (Willamette Valley);Pinot Noir;Hawkins Cellars
42;France;"['[', ""'This"", ""'"", ',', ""'festive"", ""'"", ',', ""'wine"", ""'"", ',', ""'"", ',', ""'"", ',', ""'soft"", ""'"", ',', ""'"", ',', ""'"", ',', ""'ripe"", ""'"", ',', ""'fruit"", ""'"", ',', ""'acidity"", ""'"", ',', ""'"", ',', ""'"", ',', ""'plus"", ""'"", ',', ""'red"", ""'"", ',', ""'berry"", ""'"", ',', ""'flavor"", ""'"", ',', ""'"", '.', ""'"", ']']";Nouveau;86;9.0;Beaujolais;Roger Voss;Henry Fessy 2012 Nouveau  (Beaujolais);Gamay;Henry Fessy
43;US;"['[', ""'The"", ""'"", ',', ""'clean"", ""'"", ',', ""'"", ',', ""'"", ',', ""'brisk"", ""'"", ',', ""'mouthfeel"", ""'"", ',', ""'gives"", ""'"", ',', ""'slightly"", ""'"", ',', ""'oaked"", ""'"", ',', ""'Sauvignon"", ""'"", ',', ""'Blanc"", ""'"", ',', ""'instant"", ""'"", ',', ""'likeability"", ""'"", ',', ""'"", '.', ""'"", ',', ""'It"", ""'"", ',', '``', ""'s"", ""''"", ',', ""'dry"", ""'"", ',', ""'rich"", ""'"", ',', ""'streak"", ""'"", ',', ""'honey"", ""'"", ',', ""'sweetens"", ""'"", ',', ""'citrus"", ""'"", ',', ""'"", ',', ""'"", ',', ""'pear"", ""'"", ',', ""'tropical"", ""'"", ',', ""'fruit"", ""'"", ',', ""'flavors"", ""'"", ',', ""'"", '.', ""'"", ',', ""'Pair"", ""'"", ',', ""'Asian"", ""'"", ',', ""'fare"", ""'"", ',', ""'"", ',', ""'"", ',', ""'ham"", ""'"", ',', ""'green"", ""'"", ',', ""'salad"", ""'"", ',', ""'grapefruit"", ""'"", ',', ""'sections"", ""'"", ',', ""'"", '.', ""'"", ']']";;86;14.0;Paso Robles;;Robert Hall 2011 Sauvignon Blanc (Paso Robles);Sauvignon Blanc;Robert Hall
44;Chile;"['[', ""'"", 'A', ""'"", ',', ""'berry"", ""'"", ',', ""'aroma"", ""'"", ',', ""'comes"", ""'"", ',', ""'cola"", ""'"", ',', ""'herb"", ""'"", ',', ""'notes"", ""'"", ',', ""'"", '.', ""'"", ',', ""'The"", ""'"", ',', ""'palate"", ""'"", ',', ""'tangy"", ""'"", ',', ""'racy"", ""'"", ',', ""'"", ',', ""'"", ',', ""'delivers"", ""'"", ',', ""'raspberry"", ""'"", ',', ""'plum"", ""'"", ',', ""'flavors"", ""'"", ',', ""'"", ',', ""'"", ',', ""'modest"", ""'"", ',', ""'finish"", ""'"", ',', ""'"", '.', ""'"", ']']";;86;9.0;;Michael Schachner;Sundance 2011 Merlot (Maule Valley);Merlot;Sundance
45;US;"['[', ""'Right"", ""'"", ',', ""'starting"", ""'"", ',', ""'blocks"", ""'"", ',', ""'oaky"", ""'"", ',', ""'wine"", ""'"", ',', ""'"", ',', ""'"", ',', ""'dripping"", ""'"", ',', ""'caramel"", ""'"", ',', ""'vanilla"", ""'"", ',', ""'notes"", ""'"", ',', ""'"", '.', ""'"", ',', ""'The"", ""'"", ',', ""'texture"", ""'"", ',', ""'midpalate"", ""'"", ',', ""'finessed"", ""'"", ',', ""'graceful"", ""'"", ',', ""'"", ',', ""'"", ',', ""'drying"", ""'"", ',', ""'tannins"", ""'"", ',', ""'latch"", ""'"", ',', ""'onto"", ""'"", ',', ""'oak-driven"", ""'"", ',', ""'finish"", ""'"", ',', ""'"", '.', ""'"", ',', ""'An"", ""'"", ',', ""'eccentric"", ""'"", ',', ""'blend"", ""'"", ',', ""'50"", ""'"", ',', ""'"", '%', ""'"", ',', ""'Tannat"", ""'"", ',', ""'"", ',', ""'"", ',', ""'35"", ""'"", ',', ""'"", '%', ""'"", ',', ""'Petit"", ""'"", ',', ""'Verdot"", ""'"", ',', ""'15"", ""'"", ',', ""'"", '%', ""'"", ',', ""'Pinotage"", ""'"", ',', ""'"", '.', ""'"", ']']";#SocialSecret;86;40.0;Virginia;;Tarara 2010 #SocialSecret Red (Virginia);Red Blend;Tarara
46;Italy;"['[', ""'Spicy"", ""'"", ',', ""'"", ',', ""'"", ',', ""'fresh"", ""'"", ',', ""'clean"", ""'"", ',', ""'"", ',', ""'"", ',', ""'would"", ""'"", ',', ""'pair"", ""'"", ',', ""'fried"", ""'"", ',', ""'seafood"", ""'"", ',', ""'spaghetti"", ""'"", ',', ""'con"", ""'"", ',', ""'vongole"", ""'"", ',', ""'"", '.', ""'"", ',', ""'It"", ""'"", ',', ""'offers"", ""'"", ',', ""'pretty"", ""'"", ',', ""'citrus"", ""'"", ',', ""'tones"", ""'"", ',', ""'followed"", ""'"", ',', ""'drying"", ""'"", ',', ""'mineral"", ""'"", ',', ""'nuance"", ""'"", ',', ""'"", '.', ""'"", ']']";Sallier de la Tour;86;13.0;Sicilia;;Tasca d'Almerita 2011 Sallier de la Tour Inzolia (Sicilia);Inzolia;Tasca d'Almerita
47;US;"['[', ""'This"", ""'"", ',', ""'sweet"", ""'"", ',', ""'wine"", ""'"", ',', ""'flavors"", ""'"", ',', ""'white"", ""'"", ',', ""'sugar"", ""'"", ',', ""'"", ',', ""'"", ',', ""'orange"", ""'"", ',', ""'"", ',', ""'"", ',', ""'honey"", ""'"", ',', ""'vanilla"", ""'"", ',', ""'"", ',', ""'"", ',', ""'brightened"", ""'"", ',', ""'crisp"", ""'"", ',', ""'acidity"", ""'"", ',', ""'"", '.', ""'"", ']']";;86;13.0;Lake County;;The White Knight 2011 Riesling (Lake County);Riesling;The White Knight
48;US;"['[', ""'This"", ""'"", ',', ""'bottling"", ""'"", ',', ""'resembles"", ""'"", ',', ""'New"", ""'"", ',', ""'Zealand"", ""'"", ',', ""'paradigm"", ""'"", ',', ""'Sauvignon"", ""'"", ',', ""'Blanc"", ""'"", ',', ""'"", ',', ""'"", ',', ""'bearing"", ""'"", ',', ""'aromas"", ""'"", ',', ""'grapefruit"", ""'"", ',', ""'"", ',', ""'"", ',', ""'passion"", ""'"", ',', ""'fruit"", ""'"", ',', ""'kiwi"", ""'"", ',', ""'"", ';', ""'"", ',', ""'sprinkling"", ""'"", ',', ""'graham"", ""'"", ',', ""'cracker"", ""'"", ',', ""'adds"", ""'"", ',', ""'interest"", ""'"", ',', ""'"", '.', ""'"", ',', ""'The"", ""'"", ',', ""'wine"", ""'"", ',', ""'hits"", ""'"", ',', ""'palate"", ""'"", ',', ""'like"", ""'"", ',', ""'fleshy"", ""'"", ',', ""'fist"", ""'"", ',', ""'"", ',', ""'"", ',', ""'intense"", ""'"", ',', ""'"", ',', ""'"", ',', ""'grassy"", ""'"", ',', ""'gooseberry"", ""'"", ',', ""'flavor"", ""'"", ',', ""'provides"", ""'"", ',', ""'plenty"", ""'"", ',', ""'punch"", ""'"", ',', ""'"", '.', ""'"", ',', ""'Pair"", ""'"", ',', ""'apricot-glazed"", ""'"", ',', ""'roasted"", ""'"", ',', ""'chicken"", ""'"", ',', ""'"", '.', ""'"", ']']";;86;16.0;Monticello;;Trump 2011 Sauvignon Blanc (Monticello);Sauvignon Blanc;Trump
49;France;"['[', ""'Soft"", ""'"", ',', ""'fruity"", ""'"", ',', ""'"", ',', ""'"", ',', ""'generous"", ""'"", ',', ""'"", ',', ""'"", ',', ""'ripe"", ""'"", ',', ""'wine"", ""'"", ',', '``', ""'s"", ""''"", ',', ""'full"", ""'"", ',', ""'juicy"", ""'"", ',', ""'red-cherry"", ""'"", ',', ""'fruits"", ""'"", ',', ""'gentle"", ""'"", ',', ""'tannins"", ""'"", ',', ""'"", '.', ""'"", ',', ""'It"", ""'"", ',', ""'richness"", ""'"", ',', ""'"", ',', ""'"", ',', ""'giving"", ""'"", ',', ""'sweet"", ""'"", ',', ""'character"", ""'"", ',', ""'open"", ""'"", ',', ""'"", ',', ""'"", ',', ""'ready-to-drink"", ""'"", ',', ""'wine"", ""'"", ',', ""'"", '.', ""'"", ']']";Eté Indien;86;14.0;Brouilly;Roger Voss;Vignerons de Bel Air 2011 Eté Indien  (Brouilly);Gamay;Vignerons de Bel Air
50;Italy;"['[', ""'This"", ""'"", ',', ""'blend"", ""'"", ',', ""'Nero"", ""'"", ',', '``', ""d'Avola"", ""''"", ',', ""'Syrah"", ""'"", ',', ""'opens"", ""'"", ',', ""'savory"", ""'"", ',', ""'aromas"", ""'"", ',', ""'cured"", ""'"", ',', ""'meat"", ""'"", ',', ""'"", ',', ""'"", ',', ""'dried"", ""'"", ',', ""'berry"", ""'"", ',', ""'"", ',', ""'"", ',', ""'cassis"", ""'"", ',', ""'"", ',', ""'"", ',', ""'tobacco"", ""'"", ',', ""'wet"", ""'"", ',', ""'earth"", ""'"", ',', ""'"", '.', ""'"", ',', ""'There"", ""'"", ',', '``', ""'s"", ""''"", ',', ""'touch"", ""'"", ',', ""'almond"", ""'"", ',', ""'bitterness"", ""'"", ',', ""'finish"", ""'"", ',', ""'"", '.', ""'"", ']']";Scialo;86;;Sicilia;;Viticultori Associati Canicatti 2008 Scialo Red (Sicilia);Red Blend;Viticultori Associati Canicatti
51;Chile;"['[', ""'This"", ""'"", ',', ""'much"", ""'"", ',', ""'different"", ""'"", ',', ""'Casa"", ""'"", ',', ""'Silva"", ""'"", ',', '``', ""'s"", ""''"", ',', ""'2009"", ""'"", ',', ""'Petit"", ""'"", ',', ""'Verdot"", ""'"", ',', ""'"", ',', ""'"", ',', ""'tasted"", ""'"", ',', ""'flight"", ""'"", ',', ""'"", '.', ""'"", ',', ""'The"", ""'"", ',', '``', ""'08"", ""''"", ',', ""'hard"", ""'"", ',', ""'"", ',', ""'"", ',', ""'spicy"", ""'"", ',', ""'tarry"", ""'"", ',', ""'"", ',', ""'"", ',', ""'leafy"", ""'"", ',', ""'"", ',', ""'"", ',', ""'herbal"", ""'"", ',', ""'aroma"", ""'"", ',', ""'"", ',', ""'"", ',', ""'plus"", ""'"", ',', ""'grittiness"", ""'"", ',', ""'"", '.', ""'"", ',', ""'The"", ""'"", ',', ""'palate"", ""'"", ',', ""'feels"", ""'"", ',', ""'snappy"", ""'"", ',', ""'"", ',', ""'"", ',', '``', ""can't-miss"", ""''"", ',', ""'saltiness"", ""'"", ',', ""'"", '.', ""'"", ',', ""'The"", ""'"", ',', ""'finish"", ""'"", ',', ""'long"", ""'"", ',', ""'length"", ""'"", ',', ""'short"", ""'"", ',', ""'fruit"", ""'"", ',', ""'"", ',', ""'"", ',', ""'raw"", ""'"", ',', ""'feel"", ""'"", ',', ""'"", '.', ""'"", ']']";Gran Reserva;85;22.0;;Michael Schachner;Casa Silva 2008 Gran Reserva Petit Verdot (Colchagua Valley);Petit Verdot;Casa Silva
52;Italy;"['[', ""'The"", ""'"", ',', ""'Monica"", ""'"", ',', ""'grape"", ""'"", ',', ""'often"", ""'"", ',', ""'shows"", ""'"", ',', ""'rustic"", ""'"", ',', ""'raw"", ""'"", ',', ""'quality"", ""'"", ',', ""'"", ',', ""'"", ',', ""'aromas"", ""'"", ',', ""'cherry"", ""'"", ',', ""'cola"", ""'"", ',', ""'"", ',', ""'"", ',', ""'black"", ""'"", ',', ""'pepper"", ""'"", ',', ""'sour"", ""'"", ',', ""'fruit"", ""'"", ',', ""'"", '.', ""'"", ',', ""'This"", ""'"", ',', ""'expression"", ""'"", ',', ""'"", ',', ""'"", ',', ""'added"", ""'"", ',', ""'touch"", ""'"", ',', ""'bright"", ""'"", ',', ""'acidity"", ""'"", ',', ""'finish"", ""'"", ',', ""'"", '.', ""'"", ']']";Dolia;85;14.0;Monica di Sardegna;;Cantine di Dolianova 2010 Dolia  (Monica di Sardegna);Monica;Cantine di Dolianova
53;France;"['[', ""'Fruity"", ""'"", ',', ""'lightly"", ""'"", ',', ""'herbaceous"", ""'"", ',', ""'"", ',', ""'"", ',', ""'fine"", ""'"", ',', ""'textured"", ""'"", ',', ""'acidity"", ""'"", ',', ""'along"", ""'"", ',', ""'pink"", ""'"", ',', ""'grapefruit"", ""'"", ',', ""'flavor"", ""'"", ',', ""'"", '.', ""'"", ',', ""'The"", ""'"", ',', ""'wine"", ""'"", ',', ""'bright"", ""'"", ',', ""'easy"", ""'"", ',', ""'"", ',', ""'"", ',', ""'ready"", ""'"", ',', ""'drink"", ""'"", ',', ""'months"", ""'"", ',', ""'"", '.', ""'"", ']']";La Fleur d'Amélie;85;15.0;Bordeaux Blanc;Roger Voss;Château de Sours 2011 La Fleur d'Amélie  (Bordeaux Blanc);Bordeaux-style White Blend;Château de Sours
54;Italy;"['[', ""'"", 'A', ""'"", ',', ""'blend"", ""'"", ',', ""'Nero"", ""'"", ',', '``', ""d'Avola"", ""''"", ',', ""'Nerello"", ""'"", ',', ""'Mascalese"", ""'"", ',', ""'"", ',', ""'"", ',', ""'delivers"", ""'"", ',', ""'forest"", ""'"", ',', ""'berry"", ""'"", ',', ""'cola"", ""'"", ',', ""'"", ',', ""'"", ',', ""'blue"", ""'"", ',', ""'flower"", ""'"", ',', ""'dusty"", ""'"", ',', ""'mineral"", ""'"", ',', ""'accents"", ""'"", ',', ""'"", '.', ""'"", ',', ""'The"", ""'"", ',', ""'palate"", ""'"", ',', ""'easy"", ""'"", ',', ""'"", ',', ""'"", ',', ""'bright"", ""'"", ',', ""'lean"", ""'"", ',', ""'"", '.', ""'"", ']']";Rosso;85;;Sicilia;;Corvo 2010 Rosso Red (Sicilia);Red Blend;Corvo
55;US;"['[', ""'This"", ""'"", ',', ""'shows"", ""'"", ',', ""'jelly-like"", ""'"", ',', ""'flavors"", ""'"", ',', ""'orange"", ""'"", ',', ""'pear"", ""'"", ',', ""'"", ',', ""'"", ',', ""'earthy"", ""'"", ',', ""'tones"", ""'"", ',', ""'"", '.', ""'"", ',', ""'The"", ""'"", ',', ""'mouthfeel"", ""'"", ',', ""'soft"", ""'"", ',', '``', ""'s"", ""''"", ',', ""'bounty"", ""'"", ',', ""'oak"", ""'"", ',', ""'form"", ""'"", ',', ""'buttered"", ""'"", ',', ""'toast"", ""'"", ',', ""'caramel"", ""'"", ',', ""'notes"", ""'"", ',', ""'"", '.', ""'"", ']']";Estate Bottled;85;30.0;Napa Valley;;RustRidge 2010 Estate Bottled Chardonnay (Napa Valley);Chardonnay;RustRidge
56;US;"['[', ""'This"", ""'"", ',', ""'weighty"", ""'"", ',', ""'"", ',', ""'"", ',', ""'creamy"", ""'"", ',', ""'medium"", ""'"", ',', ""'full"", ""'"", ',', ""'body"", ""'"", ',', ""'"", '.', ""'"", ',', ""'It"", ""'"", ',', ""'plenty"", ""'"", ',', ""'lime"", ""'"", ',', ""'pear"", ""'"", ',', ""'flavors"", ""'"", ',', ""'"", ',', ""'"", ',', ""'plus"", ""'"", ',', ""'slight"", ""'"", ',', ""'brown"", ""'"", ',', ""'sugar"", ""'"", ',', ""'vanilla"", ""'"", ',', ""'notes"", ""'"", ',', ""'"", '.', ""'"", ']']";;85;14.0;North Coast;Virginie Boone;Souverain 2010 Chardonnay (North Coast);Chardonnay;Souverain
57;Italy;"['[', ""'There"", ""'"", ',', '``', ""'s"", ""''"", ',', ""'touch"", ""'"", ',', ""'toasted"", ""'"", ',', ""'almond"", ""'"", ',', ""'start"", ""'"", ',', ""'"", ',', ""'"", ',', ""'Grillo"", ""'"", ',', ""'revs"", ""'"", ',', ""'glass"", ""'"", ',', ""'deliver"", ""'"", ',', ""'notes"", ""'"", ',', ""'citrus"", ""'"", ',', ""'"", ',', ""'"", ',', ""'stone"", ""'"", ',', ""'fruit"", ""'"", ',', ""'"", ',', ""'"", ',', ""'crushed"", ""'"", ',', ""'stone"", ""'"", ',', ""'lemon"", ""'"", ',', ""'tart"", ""'"", ',', ""'"", '.', ""'"", ',', ""'The"", ""'"", ',', ""'mouthfeel"", ""'"", ',', ""'crisp"", ""'"", ',', ""'simple"", ""'"", ',', ""'"", '.', ""'"", ']']";Sallier de la Tour;85;13.0;Sicilia;;Tasca d'Almerita 2011 Sallier de la Tour Grillo (Sicilia);Grillo;Tasca d'Almerita
58;Chile;"['[', ""'Lightly"", ""'"", ',', ""'herbal"", ""'"", ',', ""'strawberry"", ""'"", ',', ""'raspberry"", ""'"", ',', ""'aromas"", ""'"", ',', ""'authentic"", ""'"", ',', ""'fresh"", ""'"", ',', ""'"", '.', ""'"", ',', ""'On"", ""'"", ',', ""'palate"", ""'"", ',', ""'"", ',', ""'"", ',', ""'light"", ""'"", ',', ""'juicy"", ""'"", ',', ""'"", ',', ""'"", ',', ""'snappy"", ""'"", ',', ""'"", ',', ""'"", ',', ""'lean"", ""'"", ',', ""'flavors"", ""'"", ',', ""'red"", ""'"", ',', ""'fruit"", ""'"", ',', ""'dry"", ""'"", ',', ""'spice"", ""'"", ',', ""'"", '.', ""'"", ',', ""'The"", ""'"", ',', ""'finish"", ""'"", ',', ""'dry"", ""'"", ',', ""'oaky"", ""'"", ',', ""'"", '.', ""'"", ']']";Reserve;85;13.0;;Michael Schachner;Tres Palacios 2011 Reserve Pinot Noir (Maipo Valley);Pinot Noir;Tres Palacios
59;US;"['[', ""'Aromas"", ""'"", ',', ""'cranberry"", ""'"", ',', ""'"", ',', ""'"", ',', ""'barrel"", ""'"", ',', ""'spice"", ""'"", ',', ""'herb"", ""'"", ',', ""'followed"", ""'"", ',', ""'tart"", ""'"", ',', ""'cranberry"", ""'"", ',', ""'flavors"", ""'"", ',', ""'grainy"", ""'"", ',', ""'tannins"", ""'"", ',', ""'"", '.', ""'"", ',', ""'It"", ""'"", ',', ""'falls"", ""'"", ',', ""'bit"", ""'"", ',', ""'flat"", ""'"", ',', ""'variety"", ""'"", ',', ""'seems"", ""'"", ',', ""'hard"", ""'"", ',', ""'discern"", ""'"", ',', ""'"", '.', ""'"", ']']";;86;55.0;Columbia Valley (WA);Sean P. Sullivan;Mellisoni 2014 Malbec (Columbia Valley (WA));Malbec;Mellisoni
60;US;"['[', ""'Syrupy"", ""'"", ',', ""'dense"", ""'"", ',', ""'"", ',', ""'"", ',', ""'wine"", ""'"", ',', ""'jammy"", ""'"", ',', ""'plum"", ""'"", ',', ""'vanilla"", ""'"", ',', ""'"", ',', ""'"", ',', ""'indeterminate"", ""'"", ',', ""'structure"", ""'"", ',', ""'plenty"", ""'"", ',', ""'oak"", ""'"", ',', ""'"", '.', ""'"", ',', ""'Ripe"", ""'"", ',', ""'full-bodied"", ""'"", ',', ""'"", ',', ""'"", ',', ""'accents"", ""'"", ',', ""'graphite"", ""'"", ',', ""'leather"", ""'"", ',', ""'"", '.', ""'"", ']']";Estate;86;100.0;Napa Valley;Virginie Boone;Okapi 2013 Estate Cabernet Sauvignon (Napa Valley);Cabernet Sauvignon;Okapi
61;Italy;"['[', ""'This"", ""'"", ',', ""'densely"", ""'"", ',', ""'hued"", ""'"", ',', ""'wine"", ""'"", ',', ""'aromas"", ""'"", ',', ""'black"", ""'"", ',', ""'plum"", ""'"", ',', ""'vanilla"", ""'"", ',', ""'carry"", ""'"", ',', ""'simple"", ""'"", ',', ""'palate"", ""'"", ',', ""'along"", ""'"", ',', ""'touch"", ""'"", ',', ""'cedar"", ""'"", ',', ""'"", '.', ""'"", ',', ""'Pliant"", ""'"", ',', ""'tannins"", ""'"", ',', ""'give"", ""'"", ',', ""'easygoing"", ""'"", ',', ""'nature"", ""'"", ',', ""'"", '.', ""'"", ',', ""'Drink"", ""'"", ',', ""'soon"", ""'"", ',', ""'"", '.', ""'"", ']']";Prugneto;86;17.0;Romagna;Kerin O’Keefe;Podere dal Nespoli 2015 Prugneto Sangiovese (Romagna);Sangiovese;Podere dal Nespoli
62;US;"['[', ""'The"", ""'"", ',', ""'aromas"", ""'"", ',', ""'brooding"", ""'"", ',', ""'"", ',', ""'"", ',', ""'notes"", ""'"", ',', ""'barrel"", ""'"", ',', ""'spice"", ""'"", ',', ""'cherry"", ""'"", ',', ""'"", '.', ""'"", ',', ""'The"", ""'"", ',', ""'flavors"", ""'"", ',', ""'tart"", ""'"", ',', ""'elegant"", ""'"", ',', ""'style"", ""'"", ',', ""'"", ',', ""'"", ',', ""'lightly"", ""'"", ',', ""'gritty"", ""'"", ',', ""'tannins"", ""'"", ',', ""'backing"", ""'"", ',', ""'"", '.', ""'"", ',', ""'Best"", ""'"", ',', ""'suited"", ""'"", ',', ""'dinner"", ""'"", ',', ""'table"", ""'"", ',', ""'"", '.', ""'"", ']']";Alder Ridge Vineyard;86;25.0;Columbia Valley (WA);Sean P. Sullivan;Ram 2014 Alder Ridge Vineyard Cabernet Franc (Columbia Valley (WA));Cabernet Franc;Ram
63;France;"['[', ""'This"", ""'"", ',', ""'fat"", ""'"", ',', ""'"", ',', ""'"", ',', ""'yeasty"", ""'"", ',', ""'Champagne"", ""'"", ',', ""'comprised"", ""'"", ',', ""'predominantly"", ""'"", ',', ""'Pinot"", ""'"", ',', ""'Noir"", ""'"", ',', ""'"", '.', ""'"", ',', ""'It"", ""'"", ',', ""'ripe"", ""'"", ',', ""'red"", ""'"", ',', ""'berry"", ""'"", ',', ""'fruit"", ""'"", ',', ""'"", ',', ""'"", ',', ""'light"", ""'"", ',', ""'acidity"", ""'"", ',', ""'soft"", ""'"", ',', ""'"", ',', ""'"", ',', ""'creamy"", ""'"", ',', ""'aftertaste"", ""'"", ',', ""'"", '.', ""'"", ',', ""'It"", ""'"", ',', '``', ""'s"", ""''"", ',', ""'ready"", ""'"", ',', ""'drink"", ""'"", ',', ""'"", '.', ""'"", ']']";Brut Rosé;86;58.0;Champagne;Roger Voss;Roland Champion NV Brut Rosé  (Champagne);Champagne Blend;Roland Champion
64;US;"['[', ""'There"", ""'"", ',', ""'intriguing"", ""'"", ',', ""'touches"", ""'"", ',', ""'nose"", ""'"", ',', ""'bottling"", ""'"", ',', ""'"", ',', ""'"", ',', ""'jasmine"", ""'"", ',', ""'"", ',', ""'"", ',', ""'sea"", ""'"", ',', ""'salt"", ""'"", ',', ""'"", ',', ""'"", ',', ""'wet"", ""'"", ',', ""'hay"", ""'"", ',', ""'"", ',', ""'"", ',', ""'quinine"", ""'"", ',', ""'rainy"", ""'"", ',', ""'sidewalk"", ""'"", ',', ""'"", '.', ""'"", ',', ""'The"", ""'"", ',', ""'structure"", ""'"", ',', ""'sip"", ""'"", ',', ""'quite"", ""'"", ',', ""'delicate"", ""'"", ',', ""'"", ',', ""'"", ',', ""'golden"", ""'"", ',', ""'apple"", ""'"", ',', ""'honey"", ""'"", ',', ""'flavors"", ""'"", ',', ""'"", '.', ""'"", ']']";Golden Horn;86;26.0;Santa Ynez Valley;Matt Kettmann;Sevtap 2015 Golden Horn Sauvignon Blanc (Santa Ynez Valley);Sauvignon Blanc;Sevtap
65;France;"['[', ""'From"", ""'"", ',', ""'warm"", ""'"", ',', ""'2015"", ""'"", ',', ""'vintage"", ""'"", ',', ""'"", ',', ""'"", ',', ""'soft"", ""'"", ',', ""'fruity"", ""'"", ',', ""'wine"", ""'"", ',', ""'"", '.', ""'"", ',', ""'It"", ""'"", ',', '``', ""'s"", ""''"", ',', ""'open"", ""'"", ',', ""'broad"", ""'"", ',', ""'white"", ""'"", ',', ""'fruit"", ""'"", ',', ""'flavors"", ""'"", ',', ""'"", ',', ""'"", ',', ""'acidity"", ""'"", ',', ""'lighter"", ""'"", ',', ""'usual"", ""'"", ',', ""'Chablis"", ""'"", ',', ""'"", ',', ""'"", ',', ""'giving"", ""'"", ',', ""'particularly"", ""'"", ',', ""'ripe"", ""'"", ',', ""'character"", ""'"", ',', ""'"", '.', ""'"", ',', ""'Drink"", ""'"", ',', ""'"", '.', ""'"", ']']";;86;24.0;Chablis;Roger Voss;Simonnet-Febvre 2015  Chablis;Chardonnay;Simonnet-Febvre
66;France;"['[', ""'This"", ""'"", ',', ""'soft"", ""'"", ',', ""'"", ',', ""'"", ',', ""'rounded"", ""'"", ',', ""'wine"", ""'"", ',', ""'ripe"", ""'"", ',', ""'generous"", ""'"", ',', ""'pear"", ""'"", ',', ""'melon"", ""'"", ',', ""'flavors"", ""'"", ',', ""'"", '.', ""'"", ',', ""'It"", ""'"", ',', '``', ""'s"", ""''"", ',', ""'easy"", ""'"", ',', ""'ready"", ""'"", ',', ""'drink"", ""'"", ',', ""'young"", ""'"", ',', ""'smooth"", ""'"", ',', ""'"", ',', ""'"", ',', ""'attractively"", ""'"", ',', ""'ripe"", ""'"", ',', ""'character"", ""'"", ',', ""'"", '.', ""'"", ']']";;86;15.0;Mâcon-Milly Lamartine;Roger Voss;Vignerons des Terres Secrètes 2015  Mâcon-Milly Lamartine;Chardonnay;Vignerons des Terres Secrètes
67;US;"['[', ""'"", 'A', ""'"", ',', ""'blend"", ""'"", ',', ""'Merlot"", ""'"", ',', ""'Cabernet"", ""'"", ',', ""'Franc"", ""'"", ',', ""'"", ',', ""'"", ',', ""'wine"", ""'"", ',', ""'brings"", ""'"", ',', ""'disjointed"", ""'"", ',', ""'lightly"", ""'"", ',', ""'volatile"", ""'"", ',', ""'aromas"", ""'"", ',', ""'wood"", ""'"", ',', ""'spice"", ""'"", ',', ""'"", ',', ""'"", ',', ""'vanilla"", ""'"", ',', ""'cherry"", ""'"", ',', ""'"", '.', ""'"", ',', ""'The"", ""'"", ',', ""'plump"", ""'"", ',', ""'cherry"", ""'"", ',', ""'flavors"", ""'"", ',', ""'rounded"", ""'"", ',', ""'woody"", ""'"", ',', ""'barrel"", ""'"", ',', ""'notes"", ""'"", ',', ""'"", '.', ""'"", ']']";Inspired;86;46.0;Columbia Valley (WA);Sean P. Sullivan;Basel Cellars 2013 Inspired Red (Columbia Valley (WA));Bordeaux-style Red Blend;Basel Cellars
68;US;"['[', ""'Very"", ""'"", ',', ""'deep"", ""'"", ',', ""'color"", ""'"", ',', ""'spicy-smoky"", ""'"", ',', ""'flavor"", ""'"", ',', ""'"", ',', ""'"", ',', ""'full-bodied"", ""'"", ',', ""'wine"", ""'"", ',', ""'packed"", ""'"", ',', ""'dark-fruit"", ""'"", ',', ""'flavors"", ""'"", ',', ""'like"", ""'"", ',', ""'blackberry"", ""'"", ',', ""'blueberry"", ""'"", ',', ""'"", '.', ""'"", ',', ""'Aromas"", ""'"", ',', ""'like"", ""'"", ',', ""'grilled"", ""'"", ',', ""'beef"", ""'"", ',', ""'spicy"", ""'"", ',', ""'flavors"", ""'"", ',', ""'like"", ""'"", ',', ""'cardamom"", ""'"", ',', ""'smoke"", ""'"", ',', ""'give"", ""'"", ',', ""'bold"", ""'"", ',', ""'character"", ""'"", ',', '``', ""'s"", ""''"", ',', ""'hard"", ""'"", ',', ""'deny"", ""'"", ',', ""'"", '.', ""'"", ']']";;86;12.0;California;Jim Gordon;Cocobon 2014 Red (California);Red Blend;Cocobon
69;France;"['[', ""'This"", ""'"", ',', ""'cooperative"", ""'"", ',', ""'"", ',', ""'"", ',', ""'based"", ""'"", ',', ""'Aÿ"", ""'"", ',', ""'"", ',', ""'"", ',', ""'benefited"", ""'"", ',', ""'fine"", ""'"", ',', ""'Pinot"", ""'"", ',', ""'Noir"", ""'"", ',', ""'village"", ""'"", ',', ""'produce"", ""'"", ',', ""'ripe"", ""'"", ',', ""'red"", ""'"", ',', ""'fruited"", ""'"", ',', ""'wine"", ""'"", ',', ""'"", '.', ""'"", ',', ""'With"", ""'"", ',', ""'balanced"", ""'"", ',', ""'acidity"", ""'"", ',', ""'soft"", ""'"", ',', ""'aftertaste"", ""'"", ',', ""'"", ',', ""'"", ',', ""'ready"", ""'"", ',', ""'drink"", ""'"", ',', ""'"", '.', ""'"", ']']";Brut Rosé;86;55.0;Champagne;Roger Voss;Collet NV Brut Rosé  (Champagne);Champagne Blend;Collet
70;US;"['[', ""'Aromas"", ""'"", ',', ""'vanilla"", ""'"", ',', ""'"", ',', ""'"", ',', ""'char"", ""'"", ',', ""'toast"", ""'"", ',', ""'lead"", ""'"", ',', ""'light"", ""'"", ',', ""'creamy"", ""'"", ',', ""'stone"", ""'"", ',', ""'fruit"", ""'"", ',', ""'canned-corn"", ""'"", ',', ""'flavors"", ""'"", ',', ""'"", '.', ""'"", ',', ""'It"", ""'"", ',', ""'provides"", ""'"", ',', ""'appeal"", ""'"", ',', ""'oak"", ""'"", ',', ""'seems"", ""'"", ',', ""'overweighted"", ""'"", ',', ""'"", '.', ""'"", ']']";;86;12.0;Columbia Valley (WA);Sean P. Sullivan;Drumheller 2014 Chardonnay (Columbia Valley (WA));Chardonnay;Drumheller
71;US;"['[', ""'Big"", ""'"", ',', ""'oak"", ""'"", ',', ""'defines"", ""'"", ',', ""'robustly"", ""'"", ',', ""'dense"", ""'"", ',', ""'extracted"", ""'"", ',', ""'red"", ""'"", ',', ""'"", ',', ""'"", ',', ""'swimming"", ""'"", ',', ""'vanilla"", ""'"", ',', ""'cherry"", ""'"", ',', ""'flavor"", ""'"", ',', ""'"", '.', ""'"", ',', ""'Full-bodied"", ""'"", ',', ""'gravelly"", ""'"", ',', ""'texture"", ""'"", ',', ""'"", ',', ""'"", ',', '``', ""'s"", ""''"", ',', ""'rustically"", ""'"", ',', ""'pleasant"", ""'"", ',', ""'wine"", ""'"", ',', ""'pizza"", ""'"", ',', ""'nights"", ""'"", ',', ""'crowds"", ""'"", ',', ""'"", '.', ""'"", ']']";Old Vine;86;40.0;Alexander Valley;Virginie Boone;Eco Terreno 2013 Old Vine Cabernet Sauvignon (Alexander Valley);Cabernet Sauvignon;Eco Terreno
72;Italy;"['[', ""'Aromas"", ""'"", ',', ""'black-skinned"", ""'"", ',', ""'fruit"", ""'"", ',', ""'"", ',', ""'"", ',', ""'leather"", ""'"", ',', ""'"", ',', ""'"", ',', ""'underbrush"", ""'"", ',', ""'"", ',', ""'"", ',', ""'game"", ""'"", ',', ""'briny"", ""'"", ',', ""'note"", ""'"", ',', ""'carry"", ""'"", ',', ""'lean"", ""'"", ',', ""'"", ',', ""'"", ',', ""'somewhat"", ""'"", ',', ""'disjointed"", ""'"", ',', ""'palate"", ""'"", ',', ""'along"", ""'"", ',', ""'suggestions"", ""'"", ',', ""'licorice"", ""'"", ',', ""'raw"", ""'"", ',', ""'red"", ""'"", ',', ""'cherry"", ""'"", ',', ""'"", '.', ""'"", ',', ""'Grainy"", ""'"", ',', ""'tannins"", ""'"", ',', ""'leave"", ""'"", ',', ""'drying"", ""'"", ',', ""'finish"", ""'"", ',', ""'"", '.', ""'"", ']']";Daginestra;86;32.0;Aglianico del Vulture;Kerin O’Keefe;Grifalco 2013 Daginestra  (Aglianico del Vulture);Aglianico;Grifalco
73;US;"['[', ""'Juicy"", ""'"", ',', ""'plum"", ""'"", ',', ""'"", ',', ""'"", ',', ""'raspberry"", ""'"", ',', ""'pencil"", ""'"", ',', ""'lead"", ""'"", ',', ""'lead"", ""'"", ',', ""'way"", ""'"", ',', ""'vineyard"", ""'"", ',', ""'designate"", ""'"", ',', ""'"", ',', ""'"", ',', ""'site"", ""'"", ',', '``', ""'s"", ""''"", ',', ""'"", '2,000', ""'"", ',', ""'feet"", ""'"", ',', ""'high"", ""'"", ',', ""'"", '.', ""'"", ',', ""'Tobacco"", ""'"", ',', ""'cedar"", ""'"", ',', ""'meet"", ""'"", ',', ""'full-bodied"", ""'"", ',', ""'hit"", ""'"", ',', ""'oak"", ""'"", ',', ""'puckering"", ""'"", ',', ""'tannin"", ""'"", ',', ""'"", ',', ""'"", ',', ""'wine"", ""'"", ',', ""'still"", ""'"", ',', ""'youthfully"", ""'"", ',', ""'wrapped"", ""'"", ',', ""'full-bodied"", ""'"", ',', ""'boldness"", ""'"", ',', ""'"", '.', ""'"", ']']";Bella Vetta Vineyard;86;75.0;Howell Mountain;Virginie Boone;Hindsight 2013 Bella Vetta Vineyard Cabernet Sauvignon (Howell Mountain);Cabernet Sauvignon;Hindsight
74;US;"['[', ""'This"", ""'"", ',', ""'producer"", ""'"", ',', '``', ""'s"", ""''"", ',', ""'first"", ""'"", ',', ""'release"", ""'"", ',', ""'wine"", ""'"", ',', ""'"", '.', ""'"", ',', ""'Fruity"", ""'"", ',', ""'aromas"", ""'"", ',', ""'plum"", ""'"", ',', ""'tart"", ""'"", ',', ""'cranberry"", ""'"", ',', ""'add"", ""'"", ',', ""'overall"", ""'"", ',', ""'sense"", ""'"", ',', ""'lightness"", ""'"", ',', ""'understatement"", ""'"", ',', ""'"", '.', ""'"", ']']";Estate Grown;86;55.0;Calistoga;Virginie Boone;Hindsight 2012 Estate Grown Petite Sirah (Calistoga);Petite Sirah;Hindsight
75;US;"['[', ""'This"", ""'"", ',', ""'made"", ""'"", ',', ""'equal"", ""'"", ',', ""'parts"", ""'"", ',', ""'Cabernet"", ""'"", ',', ""'Franc"", ""'"", ',', ""'Merlot"", ""'"", ',', ""'"", ',', ""'"", ',', ""'small"", ""'"", ',', ""'additions"", ""'"", ',', ""'Malbec"", ""'"", ',', ""'"", '.', ""'"", ',', ""'Juicy"", ""'"", ',', ""'"", ',', ""'"", ',', ""'reveals"", ""'"", ',', ""'raisiny"", ""'"", ',', ""'quality"", ""'"", ',', ""'ripeness"", ""'"", ',', ""'around"", ""'"", ',', ""'integrated"", ""'"", ',', ""'oak"", ""'"", ',', ""'generous"", ""'"", ',', ""'tannin"", ""'"", ',', ""'"", '.', ""'"", ']']";The Cypher;86;75.0;Napa Valley;Virginie Boone;Mulvane Wine Co. 2013 The Cypher Red (Napa Valley);Bordeaux-style Red Blend;Mulvane Wine Co.
76;Germany;"['[', ""'Earthy"", ""'"", ',', ""'pollen"", ""'"", ',', ""'mineral"", ""'"", ',', ""'notes"", ""'"", ',', ""'lend"", ""'"", ',', ""'savory"", ""'"", ',', ""'tone"", ""'"", ',', ""'medium-sweet"", ""'"", ',', ""'Riesling"", ""'"", ',', ""'"", '.', ""'"", ',', ""'It"", ""'"", ',', '``', ""'s"", ""''"", ',', ""'soft"", ""'"", ',', ""'slightly"", ""'"", ',', ""'pulpy"", ""'"", ',', ""'"", ',', ""'"", ',', ""'intensified"", ""'"", ',', ""'overripe"", ""'"", ',', ""'tangerine"", ""'"", ',', ""'stone"", ""'"", ',', ""'fruit"", ""'"", ',', ""'flavors"", ""'"", ',', ""'"", '.', ""'"", ',', ""'Drink"", ""'"", ',', ""'2018"", ""'"", ',', ""'"", '.', ""'"", ']']";;86;9.0;;Anna Lee C. Iijima;Schmitt Söhne 2015 Riesling (Rheinhessen);Riesling;Schmitt Söhne
77;Australia;"['[', ""'This"", ""'"", ',', ""'medium-bodied"", ""'"", ',', ""'Chardonnay"", ""'"", ',', ""'features"", ""'"", ',', ""'aromas"", ""'"", ',', ""'pineapple"", ""'"", ',', ""'roasted"", ""'"", ',', ""'cashew"", ""'"", ',', ""'"", '.', ""'"", ',', ""'Similar"", ""'"", ',', ""'notes"", ""'"", ',', ""'ripe"", ""'"", ',', ""'pineapple"", ""'"", ',', ""'nuts"", ""'"", ',', ""'mark"", ""'"", ',', ""'palate"", ""'"", ',', ""'"", ',', ""'"", ',', ""'ease"", ""'"", ',', ""'rather"", ""'"", ',', ""'soft"", ""'"", ',', ""'"", ',', ""'"", ',', ""'easy"", ""'"", ',', ""'finish"", ""'"", ',', ""'"", '.', ""'"", ',', ""'Drink"", ""'"", ',', ""'"", '.', ""'"", ']']";Made With Organic Grapes;86;18.0;South Australia;Joe Czerwinski;Yalumba 2016 Made With Organic Grapes Chardonnay (South Australia);Chardonnay;Yalumba
78;US;"['[', ""'Some"", ""'"", ',', ""'rosés"", ""'"", ',', ""'made"", ""'"", ',', ""'simply"", ""'"", ',', ""'bleeding"", ""'"", ',', ""'juice"", ""'"", ',', ""'fermenter"", ""'"", ',', ""'"", ',', ""'"", ',', ""'concentrate"", ""'"", ',', ""'remaining"", ""'"", ',', ""'wine"", ""'"", ',', ""'"", '.', ""'"", ',', ""'Whether"", ""'"", ',', ""'case"", ""'"", ',', ""'"", ',', ""'"", ',', ""'wine"", ""'"", ',', ""'simple"", ""'"", ',', ""'pleasant"", ""'"", ',', ""'lightly"", ""'"", ',', ""'candied"", ""'"", ',', ""'strawberry"", ""'"", ',', ""'flavors"", ""'"", ',', ""'one"", ""'"", ',', ""'might"", ""'"", ',', ""'expect"", ""'"", ',', ""'technique"", ""'"", ',', ""'"", '.', ""'"", ',', ""'It"", ""'"", ',', '``', ""'s"", ""''"", ',', ""'fruity"", ""'"", ',', ""'undemanding"", ""'"", ',', ""'"", '.', ""'"", ',', ""'Drink"", ""'"", ',', ""'"", '.', ""'"", ']']";Rosé of;86;25.0;Eola-Amity Hills;Paul Gregutt;Z'IVO 2015 Rosé of Pinot Noir (Eola-Amity Hills);Pinot Noir;Z'IVO
79;Portugal;"['[', ""'Grown"", ""'"", ',', ""'sandy"", ""'"", ',', ""'soil"", ""'"", ',', ""'Tejo"", ""'"", ',', ""'"", ',', ""'"", ',', ""'wine"", ""'"", ',', ""'typically"", ""'"", ',', ""'soft"", ""'"", ',', ""'open"", ""'"", ',', ""'"", '.', ""'"", ',', ""'It"", ""'"", ',', ""'accessible—with"", ""'"", ',', ""'black"", ""'"", ',', ""'fruits"", ""'"", ',', ""'light"", ""'"", ',', ""'tannins"", ""'"", ',', ""'grape"", ""'"", ',', ""'"", '.', ""'"", ',', ""'It"", ""'"", ',', ""'ready"", ""'"", ',', ""'drink"", ""'"", ',', ""'"", '.', ""'"", ']']";Bridão;86;;;Roger Voss;Adega Cooperativa do Cartaxo 2014 Bridão Touriga Nacional (Tejo);Touriga Nacional;Adega Cooperativa do Cartaxo
80;Chile;"['[', ""'Caramelized"", ""'"", ',', ""'oak"", ""'"", ',', ""'vanilla"", ""'"", ',', ""'aromas"", ""'"", ',', ""'front"", ""'"", ',', ""'center"", ""'"", ',', ""'barrel-heavy"", ""'"", ',', ""'nose"", ""'"", ',', ""'"", '.', ""'"", ',', ""'This"", ""'"", ',', ""'feels"", ""'"", ',', ""'bit"", ""'"", ',', ""'choppy"", ""'"", ',', ""'"", ',', ""'"", ',', ""'astringent"", ""'"", ',', ""'tannins"", ""'"", ',', ""'"", '.', ""'"", ',', ""'Herbal"", ""'"", ',', ""'salty"", ""'"", ',', ""'plum"", ""'"", ',', ""'flavors"", ""'"", ',', ""'wear"", ""'"", ',', ""'lot"", ""'"", ',', ""'oaky"", ""'"", ',', ""'makeup"", ""'"", ',', ""'"", ',', ""'"", ',', ""'finishes"", ""'"", ',', ""'forced"", ""'"", ',', ""'woody"", ""'"", ',', ""'flavor"", ""'"", ',', ""'"", '.', ""'"", ']']";Special Release Reserva;86;12.0;;Michael Schachner;Aresti 2014 Special Release Reserva Carmenère (Rapel Valley);Carmenère;Aresti
81;Spain;"['[', ""'Bland"", ""'"", ',', ""'"", ',', ""'"", ',', ""'mature"", ""'"", ',', ""'aromas"", ""'"", ',', ""'white"", ""'"", ',', ""'fruits"", ""'"", ',', ""'weak"", ""'"", ',', ""'side"", ""'"", ',', ""'Albariño"", ""'"", ',', ""'"", '.', ""'"", ',', ""'This"", ""'"", ',', ""'feels"", ""'"", ',', ""'round"", ""'"", ',', ""'oily"", ""'"", ',', ""'"", ',', ""'"", ',', ""'briny"", ""'"", ',', ""'leesy"", ""'"", ',', ""'flavors"", ""'"", ',', ""'lack"", ""'"", ',', ""'pop"", ""'"", ',', ""'precision"", ""'"", ',', ""'"", '.', ""'"", ',', ""'"", 'A', ""'"", ',', ""'grabby"", ""'"", ',', ""'aged"", ""'"", ',', ""'finish"", ""'"", ',', ""'short"", ""'"", ',', ""'free"", ""'"", ',', ""'flow"", ""'"", ',', ""'grape"", ""'"", ',', ""'region"", ""'"", ',', ""'known"", ""'"", ',', ""'"", '.', ""'"", ',', ""'Drink"", ""'"", ',', ""'immediately"", ""'"", ',', ""'wait"", ""'"", ',', ""'newer"", ""'"", ',', ""'vintage"", ""'"", ',', ""'"", '.', ""'"", ']']";;86;16.0;Rías Baixas;Michael Schachner;Spyro 2014 Albariño (Rías Baixas);Albariño;Spyro
82;France;"['[', ""'This"", ""'"", ',', ""'fruity"", ""'"", ',', ""'"", ',', ""'"", ',', ""'sweet"", ""'"", ',', ""'wine"", ""'"", ',', ""'immediately"", ""'"", ',', ""'attractive"", ""'"", ',', ""'ripe"", ""'"", ',', ""'"", '.', ""'"", ',', ""'With"", ""'"", ',', ""'great"", ""'"", ',', ""'apricot"", ""'"", ',', ""'pineapple"", ""'"", ',', ""'fruit"", ""'"", ',', ""'"", ',', ""'"", ',', ""'hints"", ""'"", ',', ""'spicy"", ""'"", ',', ""'wood"", ""'"", ',', ""'balancing"", ""'"", ',', ""'acidity"", ""'"", ',', ""'"", ',', ""'"", ',', '``', ""'s"", ""''"", ',', ""'perfect"", ""'"", ',', ""'apéritif—light"", ""'"", ',', ""'refreshing"", ""'"", ',', ""'"", '.', ""'"", ',', ""'Drink"", ""'"", ',', ""'"", '.', ""'"", ']']";La Réserve;86;11.0;Vin de France;Roger Voss;Lionel Osmin & Cie 2016 La Réserve Petit Manseng (Vin de France);Petit Manseng;Lionel Osmin & Cie
83;Australia;"['[', ""'Pale"", ""'"", ',', ""'copper"", ""'"", ',', ""'hue"", ""'"", ',', ""'"", ',', ""'"", ',', ""'wine"", ""'"", ',', ""'exudes"", ""'"", ',', ""'passion"", ""'"", ',', ""'fruit"", ""'"", ',', ""'nose"", ""'"", ',', ""'"", ',', ""'"", ',', ""'palate"", ""'"", ',', ""'delivers"", ""'"", ',', ""'nuances"", ""'"", ',', ""'muskmelon"", ""'"", ',', ""'well"", ""'"", ',', ""'"", '.', ""'"", ',', ""'It"", ""'"", ',', '``', ""'s"", ""''"", ',', ""'crisp"", ""'"", ',', ""'"", ',', ""'"", ',', ""'racy"", ""'"", ',', ""'medium"", ""'"", ',', ""'body"", ""'"", ',', ""'"", ',', ""'"", ',', ""'perfectly"", ""'"", ',', ""'suited"", ""'"", ',', ""'summertime"", ""'"", ',', ""'refreshment"", ""'"", ',', ""'"", '.', ""'"", ',', ""'Drink"", ""'"", ',', ""'"", '.', ""'"", ']']";Jester Sangiovese;86;20.0;McLaren Vale;Joe Czerwinski;Mitolo 2016 Jester Sangiovese Rosé (McLaren Vale);Rosé;Mitolo
84;US;"['[', ""'"", 'A', ""'"", ',', ""'healthy"", ""'"", ',', ""'addition"", ""'"", ',', ""'13"", ""'"", ',', ""'"", '%', ""'"", ',', ""'Petite"", ""'"", ',', ""'Sirah"", ""'"", ',', ""'provides"", ""'"", ',', ""'added"", ""'"", ',', ""'weight"", ""'"", ',', ""'intensity"", ""'"", ',', ""'wine"", ""'"", ',', ""'"", ',', ""'"", ',', ""'soft"", ""'"", ',', ""'"", ',', ""'"", ',', ""'supple"", ""'"", ',', ""'richly"", ""'"", ',', ""'conceived"", ""'"", ',', ""'combination"", ""'"", ',', ""'smoky"", ""'"", ',', ""'black"", ""'"", ',', ""'fruit"", ""'"", ',', ""'mocha"", ""'"", ',', ""'"", '.', ""'"", ']']";Classic;86;24.0;Napa Valley;Virginie Boone;Napa Cellars 2014 Classic Zinfandel (Napa Valley);Zinfandel;Napa Cellars
85;Germany;"['[', ""'Pronounced"", ""'"", ',', ""'dust"", ""'"", ',', ""'"", ',', ""'"", ',', ""'pollen"", ""'"", ',', ""'earth"", ""'"", ',', ""'tones"", ""'"", ',', ""'lend"", ""'"", ',', ""'savoriness"", ""'"", ',', ""'otherwise"", ""'"", ',', ""'citrusy"", ""'"", ',', ""'wine"", ""'"", ',', ""'"", '.', ""'"", ',', ""'Racy"", ""'"", ',', ""'acidity"", ""'"", ',', ""'fresh"", ""'"", ',', ""'tangerine"", ""'"", ',', ""'lemon"", ""'"", ',', ""'flavors"", ""'"", ',', ""'turn"", ""'"", ',', ""'herbal"", ""'"", ',', ""'finish"", ""'"", ',', ""'"", '.', ""'"", ',', ""'Drink"", ""'"", ',', ""'"", '.', ""'"", ']']";Undone Dry;86;10.0;;Anna Lee C. Iijima;P.J. Valckenberg 2015 Undone Dry Riesling (Rheinhessen);Riesling;P.J. Valckenberg
86;US;"['[', ""'Vibrant"", ""'"", ',', ""'aromas"", ""'"", ',', ""'ripe"", ""'"", ',', ""'pear"", ""'"", ',', ""'"", ',', ""'"", ',', ""'white"", ""'"", ',', ""'flowers"", ""'"", ',', ""'melon"", ""'"", ',', ""'followed"", ""'"", ',', ""'off-dry"", ""'"", ',', ""'palate"", ""'"", ',', ""'"", ',', ""'"", ',', ""'lean"", ""'"", ',', ""'fruit"", ""'"", ',', ""'flavors"", ""'"", ',', ""'"", '.', ""'"", ']']";;86;20.0;Ancient Lakes;Sean P. Sullivan;Palencia 2016 Albariño (Ancient Lakes);Albariño;Palencia
87;US;"['[', ""'Softened"", ""'"", ',', ""'tannins"", ""'"", ',', ""'surround"", ""'"", ',', ""'light-bodied"", ""'"", ',', ""'"", ',', ""'"", ',', ""'lean"", ""'"", ',', ""'herbal"", ""'"", ',', ""'approach"", ""'"", ',', ""'vineyard-designate"", ""'"", ',', ""'"", ',', ""'"", ',', ""'dotted"", ""'"", ',', ""'black"", ""'"", ',', ""'pepper"", ""'"", ',', ""'"", ',', ""'"", ',', ""'leather"", ""'"", ',', ""'baked"", ""'"", ',', ""'cherry"", ""'"", ',', ""'"", '.', ""'"", ']']";Blau Vineyards;86;55.0;Knights Valley;Virginie Boone;Passaggio 2014 Blau Vineyards Merlot (Knights Valley);Merlot;Passaggio
88;Italy;"['[', ""'Subdued"", ""'"", ',', ""'aromas"", ""'"", ',', ""'French"", ""'"", ',', ""'oak"", ""'"", ',', ""'"", ',', ""'"", ',', ""'toast"", ""'"", ',', ""'acacia"", ""'"", ',', ""'waft"", ""'"", ',', ""'glass"", ""'"", ',', ""'"", '.', ""'"", ',', ""'The"", ""'"", ',', ""'rather"", ""'"", ',', ""'lean"", ""'"", ',', ""'palate"", ""'"", ',', ""'offers"", ""'"", ',', ""'oak-driven"", ""'"", ',', ""'spice"", ""'"", ',', ""'"", ',', ""'"", ',', ""'chopped"", ""'"", ',', ""'herb"", ""'"", ',', ""'hint"", ""'"", ',', ""'citrus"", ""'"", ',', ""'set"", ""'"", ',', ""'racy"", ""'"", ',', ""'acidity"", ""'"", ',', ""'"", '.', ""'"", ',', ""'It"", ""'"", ',', '``', ""'s"", ""''"", ',', ""'rather"", ""'"", ',', ""'shy"", ""'"", ',', ""'fruit"", ""'"", ',', ""'richness"", ""'"", ',', ""'"", '.', ""'"", ']']";Le Mandorle Riserva;86;29.0;Vernaccia di San Gimignano;Kerin O’Keefe;Poggio Alloro 2014 Le Mandorle Riserva  (Vernaccia di San Gimignano);Vernaccia;Poggio Alloro
89;Italy;"['[', ""'Made"", ""'"", ',', ""'primarily"", ""'"", ',', ""'Sangiovese"", ""'"", ',', ""'"", ',', ""'"", ',', ""'Malvasia"", ""'"", ',', ""'white"", ""'"", ',', ""'grapes"", ""'"", ',', ""'"", ',', ""'"", ',', ""'offers"", ""'"", ',', ""'aromas"", ""'"", ',', ""'red"", ""'"", ',', ""'berry"", ""'"", ',', ""'yeasty"", ""'"", ',', ""'whiff"", ""'"", ',', ""'bread"", ""'"", ',', ""'dough"", ""'"", ',', ""'"", '.', ""'"", ',', ""'The"", ""'"", ',', ""'bright"", ""'"", ',', ""'"", ',', ""'"", ',', ""'enjoyable"", ""'"", ',', ""'palate"", ""'"", ',', ""'offers"", ""'"", ',', ""'ripe"", ""'"", ',', ""'cherry"", ""'"", ',', ""'hint"", ""'"", ',', ""'pastry"", ""'"", ',', ""'cream"", ""'"", ',', ""'note"", ""'"", ',', ""'honeydew"", ""'"", ',', ""'melon"", ""'"", ',', ""'marks"", ""'"", ',', ""'close"", ""'"", ',', ""'"", '.', ""'"", ']']";;88;19.0;Toscana;Kerin O’Keefe;Fattoria Sardi 2015 Rosato (Toscana);Rosato;Fattoria Sardi
90;US;"['[', ""'This"", ""'"", ',', ""'blend"", ""'"", ',', ""'Sangiovese"", ""'"", ',', ""'"", ',', ""'"", ',', ""'Malbec"", ""'"", ',', ""'"", ',', ""'"", ',', ""'Cabernet"", ""'"", ',', ""'Sauvignon"", ""'"", ',', ""'"", ',', ""'"", ',', ""'Petite"", ""'"", ',', ""'Sirah"", ""'"", ',', ""'varieties"", ""'"", ',', ""'plays"", ""'"", ',', ""'well"", ""'"", ',', ""'type"", ""'"", ',', ""'"", '.', ""'"", ',', ""'It"", ""'"", ',', ""'shows"", ""'"", ',', ""'wealth"", ""'"", ',', ""'ripe"", ""'"", ',', ""'"", ',', ""'"", ',', ""'dusty"", ""'"", ',', ""'black"", ""'"", ',', ""'fruit"", ""'"", ',', '``', ""'s"", ""''"", ',', ""'richly"", ""'"", ',', ""'round"", ""'"", ',', ""'soft"", ""'"", ',', ""'palate"", ""'"", ',', ""'"", ',', ""'"", ',', ""'approachable"", ""'"", ',', ""'lightly"", ""'"", ',', ""'oaked"", ""'"", ',', ""'"", '.', ""'"", ']']";Siena;88;23.0;Sonoma County;Virginie Boone;Ferrari-Carano 2014 Siena Red (Sonoma County);Red Blend;Ferrari-Carano
91;US;"['[', ""'This"", ""'"", ',', ""'wine"", ""'"", ',', ""'touch"", ""'"", ',', ""'perceptible"", ""'"", ',', ""'sweetness"", ""'"", ',', ""'tropical"", ""'"", ',', ""'nose"", ""'"", ',', ""'"", ',', ""'"", ',', ""'yet"", ""'"", ',', ""'tastes"", ""'"", ',', ""'dry"", ""'"", ',', ""'"", ',', ""'"", ',', ""'showing"", ""'"", ',', ""'straightforward"", ""'"", ',', ""'approach"", ""'"", ',', ""'crisp"", ""'"", ',', ""'"", ',', ""'"", ',', ""'coastal-grown"", ""'"", ',', ""'variety"", ""'"", ',', ""'"", '.', ""'"", ',', ""'Apricot"", ""'"", ',', ""'"", ',', ""'"", ',', ""'melon"", ""'"", ',', ""'guava"", ""'"", ',', ""'wrap"", ""'"", ',', ""'around"", ""'"", ',', ""'lightness"", ""'"", ',', ""'body"", ""'"", ',', ""'texture"", ""'"", ',', ""'"", '.', ""'"", ']']";;88;18.0;Sonoma Coast;Virginie Boone;Folie à Deux 2015 Pinot Gris (Sonoma Coast);Pinot Gris;Folie à Deux
92;US;"['[', ""'All"", ""'"", ',', ""'red"", ""'"", ',', ""'Bordeaux"", ""'"", ',', ""'varieties"", ""'"", ',', ""'represented"", ""'"", ',', ""'blend"", ""'"", ',', ""'"", ',', ""'"", ',', ""'except"", ""'"", ',', ""'Petit"", ""'"", ',', ""'Verdot"", ""'"", ',', ""'"", '.', ""'"", ',', ""'Together"", ""'"", ',', ""'"", ',', ""'"", ',', ""'offer"", ""'"", ',', ""'simple"", ""'"", ',', ""'tannic"", ""'"", ',', ""'structure"", ""'"", ',', ""'strengthens"", ""'"", ',', ""'chewiness"", ""'"", ',', ""'leather"", ""'"", ',', ""'"", ',', ""'"", ',', ""'tobacco"", ""'"", ',', ""'touch"", ""'"", ',', ""'cedar"", ""'"", ',', ""'"", '.', ""'"", ',', ""'Full"", ""'"", ',', ""'bodied"", ""'"", ',', ""'"", ',', ""'"", ',', '``', ""'s"", ""''"", ',', ""'ripe"", ""'"", ',', ""'"", ',', ""'"", ',', ""'bold"", ""'"", ',', ""'brawny"", ""'"", ',', ""'wine"", ""'"", ',', ""'"", '.', ""'"", ']']";Magnificat;88;55.0;Napa Valley;Virginie Boone;Franciscan 2013 Magnificat Meritage (Napa Valley);Meritage;Franciscan
93;Austria;"['[', ""'Freshness"", ""'"", ',', ""'characterizes"", ""'"", ',', ""'nose"", ""'"", ',', ""'"", ':', ""'"", ',', ""'green"", ""'"", ',', ""'pear"", ""'"", ',', ""'"", ',', ""'"", ',', ""'ivy"", ""'"", ',', ""'leaves"", ""'"", ',', ""'citrus"", ""'"", ',', ""'notes"", ""'"", ',', ""'play"", ""'"", ',', ""'nose"", ""'"", ',', ""'palate"", ""'"", ',', ""'"", '.', ""'"", ',', ""'This"", ""'"", ',', ""'light"", ""'"", ',', ""'footed"", ""'"", ',', ""'"", ',', ""'"", ',', ""'easy"", ""'"", ',', ""'drinking"", ""'"", ',', ""'charming"", ""'"", ',', ""'"", '.', ""'"", ',', ""'Drink"", ""'"", ',', ""'soon"", ""'"", ',', ""'flavors"", ""'"", ',', ""'fresh"", ""'"", ',', ""'"", '.', ""'"", ']']";;88;12.0;;Anne Krebiehl MW;Fuchs 2015 Grüner Veltliner (Burgenland);Grüner Veltliner;Fuchs
94;US;"['[', ""'Barrel"", ""'"", ',', ""'notes"", ""'"", ',', ""'prominent"", ""'"", ',', ""'"", ',', ""'"", ',', ""'aromas"", ""'"", ',', ""'Creamsicle"", ""'"", ',', ""'baking"", ""'"", ',', ""'spice"", ""'"", ',', ""'"", '.', ""'"", ',', ""'The"", ""'"", ',', ""'palate"", ""'"", ',', ""'broad"", ""'"", ',', ""'dry"", ""'"", ',', ""'stone-fruit"", ""'"", ',', ""'barrel"", ""'"", ',', ""'flavors"", ""'"", ',', ""'"", '.', ""'"", ',', ""'It"", ""'"", ',', ""'provides"", ""'"", ',', ""'intrigue"", ""'"", ',', ""'wood"", ""'"", ',', ""'seems"", ""'"", ',', ""'get"", ""'"", ',', ""'way"", ""'"", ',', ""'times"", ""'"", ',', ""'"", '.', ""'"", ']']";Grand Klasse Reserve Lawrence Vineyards;88;22.0;Columbia Valley (WA);Sean P. Sullivan;Gård 2014 Grand Klasse Reserve Lawrence Vineyards Viognier (Columbia Valley (WA));Viognier;Gård
95;France;"['[', ""'This"", ""'"", ',', ""'dense"", ""'"", ',', ""'wine"", ""'"", ',', ""'"", ',', ""'"", ',', ""'packed"", ""'"", ',', ""'tannins"", ""'"", ',', ""'acidity"", ""'"", ',', ""'"", '.', ""'"", ',', ""'It"", ""'"", ',', ""'brings"", ""'"", ',', ""'ageworthiness"", ""'"", ',', ""'appellation"", ""'"", ',', ""'rich"", ""'"", ',', ""'potential"", ""'"", ',', ""'dark"", ""'"", ',', ""'mineral"", ""'"", ',', ""'texture"", ""'"", ',', ""'"", '.', ""'"", ',', ""'Drink"", ""'"", ',', ""'concentrated"", ""'"", ',', ""'cru"", ""'"", ',', ""'wine"", ""'"", ',', ""'2018"", ""'"", ',', ""'"", '.', ""'"", ']']";;88;20.0;Juliénas;Roger Voss;Henry Fessy 2015  Juliénas;Gamay;Henry Fessy
96;France;"['[', ""'The"", ""'"", ',', ""'wine"", ""'"", ',', ""'comes"", ""'"", ',', ""'one"", ""'"", ',', ""'cru"", ""'"", ',', ""'estates"", ""'"", ',', ""'followed"", ""'"", ',', ""'negociant"", ""'"", ',', ""'house"", ""'"", ',', ""'"", '.', ""'"", ',', ""'It"", ""'"", ',', ""'light"", ""'"", ',', ""'"", ',', ""'"", ',', ""'ripe"", ""'"", ',', ""'fruity"", ""'"", ',', ""'wine"", ""'"", ',', ""'"", '.', ""'"", ',', ""'With"", ""'"", ',', ""'attractive"", ""'"", ',', ""'red-berry"", ""'"", ',', ""'flavors"", ""'"", ',', ""'"", ',', ""'"", ',', ""'finished"", ""'"", ',', ""'crisp"", ""'"", ',', ""'acidity"", ""'"", ',', ""'"", ',', ""'"", ',', ""'accessible"", ""'"", ',', ""'ready"", ""'"", ',', ""'drink"", ""'"", ',', ""'"", '.', ""'"", ']']";;88;18.0;Régnié;Roger Voss;Henry Fessy 2015  Régnié;Gamay;Henry Fessy
97;US;"['[', ""'"", 'A', ""'"", ',', ""'wisp"", ""'"", ',', ""'bramble"", ""'"", ',', ""'extends"", ""'"", ',', ""'savory"", ""'"", ',', ""'tone"", ""'"", ',', ""'nose"", ""'"", ',', ""'finish"", ""'"", ',', ""'otherwise"", ""'"", ',', ""'bright"", ""'"", ',', ""'bristling"", ""'"", ',', ""'wine"", ""'"", ',', ""'"", '.', ""'"", ',', ""'Delicate"", ""'"", ',', ""'honey"", ""'"", ',', ""'tones"", ""'"", ',', ""'register"", ""'"", ',', ""'dry"", ""'"", ',', ""'palate"", ""'"", ',', ""'balance"", ""'"", ',', ""'neatly"", ""'"", ',', ""'alongside"", ""'"", ',', ""'flavors"", ""'"", ',', ""'freshly"", ""'"", ',', ""'pressed"", ""'"", ',', ""'apples"", ""'"", ',', ""'pears"", ""'"", ',', ""'"", '.', ""'"", ',', ""'The"", ""'"", ',', ""'finish"", ""'"", ',', ""'marked"", ""'"", ',', ""'touch"", ""'"", ',', ""'pencil"", ""'"", ',', ""'lead"", ""'"", ',', ""'"", '.', ""'"", ',', ""'Drink"", ""'"", ',', ""'2020"", ""'"", ',', ""'"", '.', ""'"", ']']";Ingle Vineyard;88;20.0;Finger Lakes;Anna Lee C. Iijima;Heron Hill 2015 Ingle Vineyard Riesling (Finger Lakes);Riesling;Heron Hill
98;Italy;"['[', ""'Forest"", ""'"", ',', ""'floor"", ""'"", ',', ""'"", ',', ""'"", ',', ""'menthol"", ""'"", ',', ""'"", ',', ""'"", ',', ""'espresso"", ""'"", ',', ""'"", ',', ""'"", ',', ""'cranberry"", ""'"", ',', ""'pressed"", ""'"", ',', ""'violet"", ""'"", ',', ""'aromas"", ""'"", ',', ""'take"", ""'"", ',', ""'shape"", ""'"", ',', ""'glass"", ""'"", ',', ""'"", '.', ""'"", ',', ""'The"", ""'"", ',', ""'lean"", ""'"", ',', ""'linear"", ""'"", ',', ""'palate"", ""'"", ',', ""'shows"", ""'"", ',', ""'dried"", ""'"", ',', ""'sour"", ""'"", ',', ""'cherry"", ""'"", ',', ""'"", ',', ""'"", ',', ""'licorice"", ""'"", ',', ""'coffee"", ""'"", ',', ""'bean"", ""'"", ',', ""'alongside"", ""'"", ',', ""'assertive"", ""'"", ',', ""'close-grained"", ""'"", ',', ""'tannins"", ""'"", ',', ""'"", '.', ""'"", ',', ""'Even"", ""'"", ',', ""'though"", ""'"", ',', ""'tannins"", ""'"", ',', ""'still"", ""'"", ',', ""'firm"", ""'"", ',', ""'"", ',', ""'"", ',', ""'drink"", ""'"", ',', ""'sooner"", ""'"", ',', ""'rather"", ""'"", ',', ""'later"", ""'"", ',', ""'capture"", ""'"", ',', ""'remaining"", ""'"", ',', ""'fruit"", ""'"", ',', ""'"", '.', ""'"", ']']";Dono Riserva;88;30.0;Morellino di Scansano;Kerin O’Keefe;Serpaia di Endrizzi 2010 Dono Riserva  (Morellino di Scansano);Sangiovese;Serpaia di Endrizzi
99;US;"['[', ""'This"", ""'"", ',', ""'blends"", ""'"", ',', ""'20"", ""'"", ',', ""'"", '%', ""'"", ',', ""'five"", ""'"", ',', ""'red-Bordeaux"", ""'"", ',', ""'varieties"", ""'"", ',', ""'"", ',', ""'"", ',', ""'showing"", ""'"", ',', ""'grapy"", ""'"", ',', ""'"", ',', ""'"", ',', ""'plummy"", ""'"", ',', ""'flavor"", ""'"", ',', '``', ""'s"", ""''"", ',', ""'juicy"", ""'"", ',', ""'soft"", ""'"", ',', ""'palate"", ""'"", ',', ""'"", '.', ""'"", ',', ""'With"", ""'"", ',', ""'core"", ""'"", ',', ""'tobacco"", ""'"", ',', ""'"", ',', ""'"", ',', ""'tar"", ""'"", ',', ""'graphite"", ""'"", ',', ""'"", ',', ""'"", ',', ""'complements"", ""'"", ',', ""'fruity"", ""'"", ',', ""'savory"", ""'"", ',', ""'"", ',', ""'"", ',', ""'ending"", ""'"", ',', ""'simply"", ""'"", ',', ""'elegantly"", ""'"", ',', ""'"", '.', ""'"", ']']";Intreccio Library Selection;88;75.0;Napa Valley;Virginie Boone;Soquel Vineyards 2013 Intreccio Library Selection Red (Napa Valley);Bordeaux-style Red Blend;Soquel Vineyards
100;US;"['[', ""'Fresh"", ""'"", ',', ""'apple"", ""'"", ',', ""'"", ',', ""'"", ',', ""'lemon"", ""'"", ',', ""'pear"", ""'"", ',', ""'flavors"", ""'"", ',', ""'accented"", ""'"", ',', ""'hint"", ""'"", ',', ""'smoked"", ""'"", ',', ""'nuts"", ""'"", ',', ""'bold"", ""'"", ',', ""'"", ',', ""'"", ',', ""'full-bodied"", ""'"", ',', ""'Pinot"", ""'"", ',', ""'Gris"", ""'"", ',', ""'"", '.', ""'"", ',', ""'Rich"", ""'"", ',', ""'bit"", ""'"", ',', ""'creamy"", ""'"", ',', ""'mouthfeel"", ""'"", ',', ""'yet"", ""'"", ',', ""'balanced"", ""'"", ',', ""'briskly"", ""'"", ',', ""'"", ',', ""'"", ',', '``', ""'s"", ""''"", ',', ""'satisfying"", ""'"", ',', ""'white"", ""'"", ',', ""'wide"", ""'"", ',', ""'pairing"", ""'"", ',', ""'appeal"", ""'"", ',', ""'"", '.', ""'"", ',', ""'Drink"", ""'"", ',', ""'2019"", ""'"", ',', ""'"", '.', ""'"", ']']";;88;18.0;Finger Lakes;Anna Lee C. Iijima;Ventosa 2015 Pinot Gris (Finger Lakes);Pinot Gris;Ventosa